"[{\"name\":\"DHANALAKSHMI BANK\",\"ifsc\":\"DLXB0000001\",\"micr\":\"680048002\",\"branch\":\"THRISSUR MAIN\",\"address\":\"NAICKANAL JUNCTION THE ROUND THRISSUR\",\"contact\":\"6453962\",\"city\":\"THRISSUR\",\"district\":\"THRISSUR\",\"state\":\"KERALA\"},{\"name\":\"DHANALAKSHMI BANK\",\"ifsc\":\"DLXB0000002\",\"micr\":\"682048002\",\"branch\":\"EKM-SHANMUGAM ROAD\",\"address\":\"C/40/664(2), ALEX BUILDG , SHANMUGHAM ROAD, ERNAKULAM-31\",\"contact\":\"6453521\",\"city\":\"KOCHI\",\"district\":\"KOCHI\",\"state\":\"KERALA\"},{\"name\":\"DHANALAKSHMI BANK\",\"ifsc\":\"DLXB0000003\",\"micr\":\"678048002\",\"branch\":\"PALAKKAD-BIG BAZAR\",\"address\":\"1ST FLOOR, HAJEE COMPLEX, MARKET ROAD, PALAKKAD\",\"contact\":\"6452289\",\"city\":\"PALAKKAD\",\"district\":\"PALAKKAD\",\"state\":\"KERALA\"},{\"name\":\"DHANALAKSHMI BANK\",\"ifsc\":\"DLXB0000004\",\"micr\":\"680048004\",\"branch\":\"THRISSUR-PUSPAGIRI\",\"address\":\"GROUND FLOOR DHANALAKSHMI COMPLEX, DHANALAKSHMI BUILDINGS PUNKUNNAM,THRISSUR\",\"contact\":\"6453956\",\"city\":\"THRISSUR\",\"district\":\"THRISSUR\",\"state\":\"KERALA\"},{\"name\":\"DHANALAKSHMI BANK\",\"ifsc\":\"DLXB0000005\",\"micr\":\"680048452\",\"branch\":\"PERINGOTTUKARA\",\"address\":\"VEMBANAT BUILDING EAST NADA, TRIPRAYAR PERINGOTTUKARA THRISSUR DIST\",\"contact\":\"6454004\",\"city\":\"VALAPAD\",\"district\":\"VALAPAD\",\"state\":\"KERALA\"},{\"name\":\"DHANALAKSHMI BANK\",\"ifsc\":\"DLXB0000006\",\"micr\":\"680048010\",\"branch\":\"KANJANY\",\"address\":\"I/359, THOTUPURA SN BLDG., KANJANY CENTRE, VADANAPPILLY ROAD , THRISSUR DIST\",\"contact\":\"2630227\",\"city\":\"VADANAPPALLY\",\"district\":\"VADANAPPALLY\",\"state\":\"KERALA\"},{\"name\":\"DHANALAKSHMI BANK\",\"ifsc\":\"DLXB0000007\",\"micr\":\"680048020\",\"branch\":\"KALPARAMBA\",\"address\":\"KALPARAMBA, , ARIPALAM (P O), VIA IRANJALAGUDA TRICHUR DIST KERALA STATE, 680688\",\"contact\":\"9287276494\",\"city\":\"KALPARAMBA\",\"district\":\"KALPARAMBA\",\"state\":\"KERALA\"},{\"name\":\"DHANALAKSHMI BANK\",\"ifsc\":\"DLXB0000008\",\"micr\":\"680048352\",\"branch\":\"KODAKARA\",\"address\":\"IST FLOOR, K.R.COMPLEX, KODAKARA, THRISSUR.\",\"contact\":\"9287276617\",\"city\":\"KODAKARA\",\"district\":\"KODAKARA\",\"state\":\"KERALA\"},{\"name\":\"DHANALAKSHMI BANK\",\"ifsc\":\"DLXB0000009\",\"micr\":\"680048005\",\"branch\":\"THRISSUR-HIGH ROAD\",\"address\":\"XXV/1103 HIGH ROAD, THRISSUR\",\"contact\":\"6453960\",\"city\":\"THRISSUR\",\"district\":\"THRISSUR\",\"state\":\"KERALA\"},{\"name\":\"DHANALAKSHMI BANK\",\"ifsc\":\"DLXB0000010\",\"micr\":\"680048302\",\"branch\":\"KUNNAMKULAM\",\"address\":\"1/804-M WADAKKANCHERY ROAD P.B.NO.26 KUNNAMKULAM\",\"contact\":\"9287276525\",\"city\":\"KUNNAMKULAM\",\"district\":\"KUNNAMKULAM\",\"state\":\"KERALA\"},{\"name\":\"DHANALAKSHMI BANK\",\"ifsc\":\"DLXB0000011\",\"micr\":\"680048801\",\"branch\":\"PAZHANJI\",\"address\":\"PAZHANJI-KATTAKAMPAL ROAD PAZHANJI THRISSUR DIST\",\"contact\":\"9287202447\",\"city\":\"PAZHANJI\",\"district\":\"PAZHANJI\",\"state\":\"KERALA\"},{\"name\":\"DHANALAKSHMI BANK\",\"ifsc\":\"DLXB0000012\",\"micr\":\"680048202\",\"branch\":\"IRINJALAKUDA\",\"address\":\"PB NO:14,DOOR NO XIX/546H CHITTILAPPILLY TOWERS, OPP TOWN HALL, NEAR BUS STAN, IRINJALAKUDA\",\"contact\":\"6450165\",\"city\":\"IRINJALAKUDA\",\"district\":\"IRINJALAKUDA\",\"state\":\"KERALA\"},{\"name\":\"DHANALAKSHMI BANK\",\"ifsc\":\"DLXB0000013\",\"micr\":\"688048052\",\"branch\":\"CHERTHALA\",\"address\":\"CMC IV/165 A BMG COMPLEX, NORTH GATE KARTHIAYINI TEMPLE ROAD CHERTHALA\",\"contact\":\"6450232\",\"city\":\"CHERTHALA\",\"district\":\"CHERTHALA\",\"state\":\"KERALA\"},{\"name\":\"DHANALAKSHMI BANK\",\"ifsc\":\"DLXB0000014\",\"micr\":\"688048801\",\"branch\":\"KUTHIATHODE\",\"address\":\"KUTHIYATHODE, FIRST FLOOR R K COMPLEX, ALLEPPY DIST KERALA STATE, 688533\",\"contact\":\"6450272\",\"city\":\"KUTHIATHODE\",\"district\":\"KUTHIATHODE\",\"state\":\"KERALA\"},{\"name\":\"DHANALAKSHMI BANK\",\"ifsc\":\"DLXB0000015\",\"micr\":\"680048003\",\"branch\":\"THRISSUR-ROUND SOUTH\",\"address\":\"1ST FLOOR \\\"\\\"PATHAYAPURA\\\"\\\" PARAMEKKAVU DEVSWOM BUILD ROUND SOUTH THRISSUR\",\"contact\":\"6453959\",\"city\":\"THRISSUR\",\"district\":\"THRISSUR\",\"state\":\"KERALA\"},{\"name\":\"DHANALAKSHMI BANK\",\"ifsc\":\"DLXB0000016\",\"micr\":\"678048810\",\"branch\":\"PARLI\",\"address\":\"VII/146 SHORNUR ROAD PARLI PALAKKAD\",\"contact\":\"6452283\",\"city\":\"PARLI\",\"district\":\"PARLI\",\"state\":\"KERALA\"},{\"name\":\"DHANALAKSHMI BANK\",\"ifsc\":\"DLXB0000017\",\"micr\":\"682048006\",\"branch\":\"MATTANCHERRY\",\"address\":\"P B NO:303, VI/368 ANAVATHIL, MATTANCHERRY EKM DIST\",\"contact\":\"6453463\",\"city\":\"KOCHI\",\"district\":\"KOCHI\",\"state\":\"KERALA\"},{\"name\":\"DHANALAKSHMI BANK\",\"ifsc\":\"DLXB0000018\",\"micr\":\"682048007\",\"branch\":\"PALLURUTHY\",\"address\":\"23/2642 C ASB ESTATE. PALLURUTHY ERNAKULAM DIST\",\"contact\":\"6453526\",\"city\":\"KOCHI\",\"district\":\"KOCHI\",\"state\":\"KERALA\"},{\"name\":\"DHANALAKSHMI BANK\",\"ifsc\":\"DLXB0000019\",\"micr\":\"678048801\",\"branch\":\"VADAKKENCHERRY\",\"address\":\"NO:III/901-H,FIRST FLOOR SHAH TOWERS VADAKKENCHERRY PALAKKAD DIST\",\"contact\":\"9287276592\",\"city\":\"VADAKKANCHERI\",\"district\":\"VADAKKANCHERI\",\"state\":\"KERALA\"},{\"name\":\"DHANALAKSHMI BANK\",\"ifsc\":\"DLXB0000020\",\"micr\":\"679048002\",\"branch\":\"EDAPPAL\",\"address\":\"6/485 PALGHAT ROAD P.B.NO.2 EDAPPAL, MALAPPURAM\",\"contact\":\"6450260\",\"city\":\"EDAPPAL\",\"district\":\"EDAPPAL\",\"state\":\"KERALA\"},{\"name\":\"DHANALAKSHMI BANK\",\"ifsc\":\"DLXB0000021\",\"micr\":\"679048801\",\"branch\":\"CHERUTHURUTHY\",\"address\":\"IX/139, MAIN ROAD, CHERUTHURUTHY, THRISSUR DIST.\",\"contact\":\"9287276482\",\"city\":\"CHERUTHURUTHY\",\"district\":\"CHERUTHURUTHY\",\"state\":\"KERALA\"},{\"name\":\"DHANALAKSHMI BANK\",\"ifsc\":\"DLXB0000022\",\"micr\":\"679048352\",\"branch\":\"PATTAMBI\",\"address\":\"PB NO.3,DOOR NO.5/1672, 1ST FLOOR, YEMKAY TRADE CENTRE, MAIN ROAD, PATTAMBI 679 303\",\"contact\":\"9287276560\",\"city\":\"PATTAMBI\",\"district\":\"PATTAMBI\",\"state\":\"KERALA\"},{\"name\":\"DHANALAKSHMI BANK\",\"ifsc\":\"DLXB0000023\",\"micr\":\"680048802\",\"branch\":\"PAZHAYANNUR\",\"address\":\"PB NO;9, 1ST FLOOR, PRABHALA SHOPPING COMPLEX MAIN ROAD,PAZHAYANNUR THRISSUR\",\"contact\":\"4225023\",\"city\":\"PAZHAYANNUR\",\"district\":\"PAZHAYANNUR\",\"state\":\"KERALA\"},{\"name\":\"DHANALAKSHMI BANK\",\"ifsc\":\"DLXB0000024\",\"micr\":\"682048014\",\"branch\":\"KUZHUPALLY\",\"address\":\"SRI BALAKRISHNA SWAMY DEWASOM COMP, VYPEEN MUNAMBAM ROAD AYYANPILLY P O KUZHUPPALLI KERALA STATE, 682501\",\"contact\":\"6453454\",\"city\":\"KUZHUPILLY\",\"district\":\"KUZHUPILLY\",\"state\":\"KERALA\"},{\"name\":\"DHANALAKSHMI BANK\",\"ifsc\":\"DLXB0000025\",\"micr\":\"690048002\",\"branch\":\"HARIPAD\",\"address\":\"P.BNO:1, SREE MURUGAN BLDG.,TION NEAR TOWN HALL JUNCTION HARIPAD\",\"contact\":\"6452295\",\"city\":\"HARIPAD\",\"district\":\"HARIPAD\",\"state\":\"KERALA\"},{\"name\":\"DHANALAKSHMI BANK\",\"ifsc\":\"DLXB0000026\",\"micr\":\"678048802\",\"branch\":\"KONGAD\",\"address\":\"KRISHNA BUILDING, MAIN ROAD KONGAD PALAKKAD DIST. KONGAD, KERALA, 678631\",\"contact\":\"6452278\",\"city\":\"KONGAD\",\"district\":\"KONGAD\",\"state\":\"KERALA\"},{\"name\":\"DHANALAKSHMI BANK\",\"ifsc\":\"DLXB0000027\",\"micr\":\"688048053\",\"branch\":\"S L PURAM\",\"address\":\"287, MAIN ROAD, SL PURAM P O SL PURAM KANJIKKUZHI,ALPPUZHA, KERALA, 688523\",\"contact\":\"6450276\",\"city\":\"KANJIKUZHI\",\"district\":\"KANJIKUZHI\",\"state\":\"KERALA\"},{\"name\":\"DHANALAKSHMI BANK\",\"ifsc\":\"DLXB0000028\",\"micr\":\"680048252\",\"branch\":\"THIRUVANCHIKULAM\",\"address\":\"P B NO. 17 863 A ,DHARMARAJ BUILDING SRINGAPURAM,KODUGALLUR TRISSUR DIST\",\"contact\":\"6450245\",\"city\":\"KODUNGALLUR\",\"district\":\"KODUNGALLUR\",\"state\":\"KERALA\"},{\"name\":\"DHANALAKSHMI BANK\",\"ifsc\":\"DLXB0000029\",\"micr\":\"678048803\",\"branch\":\"KUNISSERY\",\"address\":\"ALATTUR PALAKKAD ROAD, KUNNISSERY PALAKKAD DIST, KERALA, 678681\",\"contact\":\"2234248\",\"city\":\"KUNISSERY\",\"district\":\"KUNISSERY\",\"state\":\"KERALA\"},{\"name\":\"DHANALAKSHMI BANK\",\"ifsc\":\"DLXB0000030\",\"micr\":\"680048016\",\"branch\":\"PARAPPUR\",\"address\":\"6/407 THOLUR PANCHAYATH, PARAPPUR JUNCTION PARAPPUR TRICHUR, KERALA, 680552\",\"contact\":\"2285678\",\"city\":\"PARAPPUR\",\"district\":\"PARAPPUR\",\"state\":\"KERALA\"},{\"name\":\"DHANALAKSHMI BANK\",\"ifsc\":\"DLXB0000031\",\"micr\":\"682048015\",\"branch\":\"CHERANELLUR\",\"address\":\"VIA EDAPPALLY ERNAKULAM DIST.\",\"contact\":\"6453401\",\"city\":\"KOCHI\",\"district\":\"KOCHI\",\"state\":\"KERALA\"},{\"name\":\"DHANALAKSHMI BANK\",\"ifsc\":\"DLXB0000032\",\"micr\":\"690048802\",\"branch\":\"THAZHAVA\",\"address\":\"BLDG.NO:TP 9/371A, PC ROAD, SRP MARKET, NEAR SAG THEATRE,THAZHAVA KOLLAM.\",\"contact\":\"2664323\",\"city\":\"MYNAGAPALLY\",\"district\":\"MYNAGAPALLY\",\"state\":\"KERALA\"},{\"name\":\"DHANALAKSHMI BANK\",\"ifsc\":\"DLXB0000033\",\"micr\":\"679048801\",\"branch\":\"THACHAMPARA\",\"address\":\"THUNDIL COMPLEX, CALICUT ROAD THACHAMPARA , KERALA, 678593\",\"contact\":\"9287276583\",\"city\":\"TACHAMPARA\",\"district\":\"TACHAMPARA\",\"state\":\"KERALA\"},{\"name\":\"DHANALAKSHMI BANK\",\"ifsc\":\"DLXB0000034\",\"micr\":\"680048011\",\"branch\":\"ALOOR\",\"address\":\"577 G, FIRST FLOOR ST.JOSEPH CHURCH SHOPPING COMPLEX,NEAR ESI DISPENSARY, ALOOR ,TCR\",\"contact\":\"6450161\",\"city\":\"KODAKARA\",\"district\":\"KODAKARA\",\"state\":\"KERALA\"},{\"name\":\"DHANALAKSHMI BANK\",\"ifsc\":\"DLXB0000035\",\"micr\":\"688048801\",\"branch\":\"KAINAKARY\",\"address\":\"BUILDING NO 96/5, KAINAKARI ALAPUZHA DIST. KAINAKARI, KERALA, 688501\",\"contact\":\"6451327\",\"city\":\"KAINAKARY\",\"district\":\"KAINAKARY\",\"state\":\"KERALA\"},{\"name\":\"DHANALAKSHMI BANK\",\"ifsc\":\"DLXB0000036\",\"micr\":\"688048802\",\"branch\":\"PUNNAKUNNAM\",\"address\":\"PULINKUNNU P.O. PUNNAKUNNAM ALAPUZHA\",\"contact\":\"6451362\",\"city\":\"PULINCUNNOO\",\"district\":\"PULINCUNNOO\",\"state\":\"KERALA\"},{\"name\":\"DHANALAKSHMI BANK\",\"ifsc\":\"DLXB0000037\",\"micr\":\"695048004\",\"branch\":\"TVM-VAZHUTHACAUD\",\"address\":\"HDFC HOUSE VAZHUTHACAUD THIRUVANANTHAPURAM PIN - 695 010.\",\"contact\":\"6451153\",\"city\":\"THIRUVANANTHAPURAM\",\"district\":\"THIRUVANANTHAPURAM\",\"state\":\"KERALA\"},{\"name\":\"DHANALAKSHMI BANK\",\"ifsc\":\"DLXB0000038\",\"micr\":\"682048003\",\"branch\":\"EKM-PALARIVATTOM\",\"address\":\"GROUND FLOOR,K M M BUILDI 32/2383 A-1,OP.KSEB OFFIC S N JUNCTION PALARIVATTOM ERNAMKULAM\",\"contact\":\"6453440\",\"city\":\"KOCHI\",\"district\":\"KOCHI\",\"state\":\"KERALA\"},{\"name\":\"DHANALAKSHMI BANK\",\"ifsc\":\"DLXB0000040\",\"micr\":\"695048006\",\"branch\":\"KARAKULAM\",\"address\":\"KP/1024 A,KRP BLDGS., PALAM JUNCTION,VAZHAYILA, KARAKULAM, THIRUVANANTHAPURAM\",\"contact\":\"2371288\",\"city\":\"KARAKULAM\",\"district\":\"KARAKULAM\",\"state\":\"KERALA\"},{\"name\":\"DHANALAKSHMI BANK\",\"ifsc\":\"DLXB0000041\",\"micr\":\"673048002\",\"branch\":\"KOZHIKODE\",\"address\":\"17/1341 H,RAM MOHAN ROAD, CHINTHAVALAPPU, KOZHIKODE\",\"contact\":\"6453463\",\"city\":\"CALICUT\",\"district\":\"CALICUT\",\"state\":\"KERALA\"},{\"name\":\"DHANALAKSHMI BANK\",\"ifsc\":\"DLXB0000042\",\"micr\":\"680048009\",\"branch\":\"MUNDUR\",\"address\":\"SAHABA COMPLEX,1ST FLOOR TRICHUR GURUVAYUR ROAD MUNDUR THRISSUR DIST\",\"contact\":\"2211252\",\"city\":\"THRISSUR\",\"district\":\"THRISSUR\",\"state\":\"KERALA\"},{\"name\":\"DHANALAKSHMI BANK\",\"ifsc\":\"DLXB0000044\",\"micr\":\"680048152\",\"branch\":\"MURINGOOR\",\"address\":\"PAYYAPPILLY BUILDINGS MURINGOOR JUNCTION NH 47, MURINGOOR THRISSUR\",\"contact\":\"2702657\",\"city\":\"CHALAKUDY\",\"district\":\"CHALAKUDY\",\"state\":\"KERALA\"},{\"name\":\"DHANALAKSHMI BANK\",\"ifsc\":\"DLXB0000045\",\"micr\":\"695048009\",\"branch\":\"ARYANAD\",\"address\":\"ARYANAD, AP 585, ARYANAD THIRUVANANTHAPURAM KERALA STATE, 695542\",\"contact\":\"2852036\",\"city\":\"ARYANAD\",\"district\":\"ARYANAD\",\"state\":\"KERALA\"},{\"name\":\"DHANALAKSHMI BANK\",\"ifsc\":\"DLXB0000046\",\"micr\":\"680048018\",\"branch\":\"THOTTIPPAL\",\"address\":\"11/122 PUDUKKAD MAPRANAM ROAD THOTTIPAL, THRISSUR\",\"contact\":\"2791483\",\"city\":\"THOTTIPPAL\",\"district\":\"THOTTIPPAL\",\"state\":\"KERALA\"},{\"name\":\"DHANALAKSHMI BANK\",\"ifsc\":\"DLXB0000047\",\"micr\":\"686048052\",\"branch\":\"CHANGANACHERRY\",\"address\":\"P.B.NO:2 KAVALAM BLDG., S.B COLLEGE ROAD CHANGANACHERRY, KOTTAYAM\",\"contact\":\"6452343\",\"city\":\"CHANGANASSERY\",\"district\":\"CHANGANASSERY\",\"state\":\"KERALA\"},{\"name\":\"DHANALAKSHMI BANK\",\"ifsc\":\"DLXB0000048\",\"micr\":\"686048602\",\"branch\":\"VAIKOM\",\"address\":\"P.B.NO 1 VAIKOM KOTTAYAM KERALA\",\"contact\":\"9287276764\",\"city\":\"VAIKOM\",\"district\":\"VAIKOM\",\"state\":\"KERALA\"},{\"name\":\"DHANALAKSHMI BANK\",\"ifsc\":\"DLXB0000049\",\"micr\":\"680048008\",\"branch\":\"ATHANI\",\"address\":\"168, TRICHUR-SHORANUR ROAD, ATHANI, THRISSUR\",\"contact\":\"2200259\",\"city\":\"MINALUR (ATHANI)\",\"district\":\"MINALUR (ATHANI)\",\"state\":\"KERALA\"},{\"name\":\"DHANALAKSHMI BANK\",\"ifsc\":\"DLXB0000050\",\"micr\":\"678048804\",\"branch\":\"VALLANGI-NEMMARA\",\"address\":\"V/47-A,GROUND FLOOR I.G.TOWERS NEMMARA PALAKKAD\",\"contact\":\"9287276540\",\"city\":\"ALATHUR\",\"district\":\"ALATHUR\",\"state\":\"KERALA\"},{\"name\":\"DHANALAKSHMI BANK\",\"ifsc\":\"DLXB0000051\",\"micr\":\"686048002\",\"branch\":\"KOTTAYAM\",\"address\":\"WARD NO.17 P B 261 KANIANTHARA HEIGHTS BAKER JUNCTION KOTTAYAM\",\"contact\":\"6452349\",\"city\":\"KOTTAYAM\",\"district\":\"KOTTAYAM\",\"state\":\"KERALA\"},{\"name\":\"DHANALAKSHMI BANK\",\"ifsc\":\"DLXB0000052\",\"micr\":\"688048802\",\"branch\":\"KANICHIKULANGARA\",\"address\":\"13/7 DEWASOOM BUILDING, ALAPUZHA ROAD ALAPUZHA DIST. KANICHIKULANGARA, KERALA STATE, 984011\",\"contact\":\"6450254\",\"city\":\"KANICHIKULANGARA\",\"district\":\"KANICHIKULANGARA\",\"state\":\"KERALA\"},{\"name\":\"DHANALAKSHMI BANK\",\"ifsc\":\"DLXB0000053\",\"micr\":\"680048013\",\"branch\":\"PUTHUR\",\"address\":\"1ST FLOOR KAKANAT TOWERS PUTHUR THRISSUR\",\"contact\":\"6454115\",\"city\":\"THRISSUR\",\"district\":\"THRISSUR\",\"state\":\"KERALA\"},{\"name\":\"DHANALAKSHMI BANK\",\"ifsc\":\"DLXB0000054\",\"micr\":\"600048002\",\"branch\":\"CHENNAI-MOUNT ROAD\",\"address\":\"P.B.NO.359 163,OM SAKTHI TOWER ANNA SALAI CHENNAI\",\"contact\":\"49037004\",\"city\":\"CHENNAI\",\"district\":\"CHENNAI\",\"state\":\"KERALA\"},{\"name\":\"DHANALAKSHMI BANK\",\"ifsc\":\"DLXB0000055\",\"micr\":\"682048011\",\"branch\":\"EKM-HOSPITAL ROAD\",\"address\":\"P.B.NO:1150, XL/252 HOSPITAL ROAD, ERNAKULAM\",\"contact\":\"6453294\",\"city\":\"KOCHI\",\"district\":\"KOCHI\",\"state\":\"KERALA\"},{\"name\":\"DHANALAKSHMI BANK\",\"ifsc\":\"DLXB0000056\",\"micr\":\"678048003\",\"branch\":\"PALAKKAD-SULTANPET\",\"address\":\"LAKSHMI PLAZA COIMBATORE ROAD SULTANPET PALAKKAD\",\"contact\":\"6452286\",\"city\":\"PALAKKAD\",\"district\":\"PALAKKAD\",\"state\":\"KERALA\"},{\"name\":\"DHANALAKSHMI BANK\",\"ifsc\":\"DLXB0000057\",\"micr\":\"695048002\",\"branch\":\"TVM-FORT\",\"address\":\"P.B.NO 5067 KARIMPANAL ARCADE FORT THIRUVANANTHAPURAM\",\"contact\":\"6451079\",\"city\":\"THIRUVANANTHAPURAM\",\"district\":\"THIRUVANANTHAPURAM\",\"state\":\"KERALA\"},{\"name\":\"DHANALAKSHMI BANK\",\"ifsc\":\"DLXB0000058\",\"micr\":\"690048801\",\"branch\":\"THRIKKUNNAPUZHA\",\"address\":\"III-507, T.PUZHA-THOTTAPILLY, PALLIPATTUMURY ALAPUZHA THRIKUNNAPUZHA, KERALA, 690515\",\"contact\":\"9287276586\",\"city\":\"THRIKKUNNAPUZHA\",\"district\":\"THRIKKUNNAPUZHA\",\"state\":\"KERALA\"},{\"name\":\"DHANALAKSHMI BANK\",\"ifsc\":\"DLXB0000059\",\"micr\":\"691048002\",\"branch\":\"KOLLAM\",\"address\":\"GROUND FLOOR, GANGOTHRI TOWERS, NEAR IRON BRIDGE KOLLAM - 691 001\",\"contact\":\"6451344\",\"city\":\"KOLLAM\",\"district\":\"KOLLAM\",\"state\":\"KERALA\"},{\"name\":\"DHANALAKSHMI BANK\",\"ifsc\":\"DLXB0000060\",\"micr\":\"680048052\",\"branch\":\"GURUVAYOOR\",\"address\":\"P.B.NO.14, III 541 A III 541 B, EAST NADA, GURUVAYOOR, KERALA\",\"contact\":\"6453977\",\"city\":\"GURUVAYUR\",\"district\":\"GURUVAYUR\",\"state\":\"KERALA\"},{\"name\":\"DHANALAKSHMI BANK\",\"ifsc\":\"DLXB0000061\",\"micr\":\"678048052\",\"branch\":\"PERINKULAM\",\"address\":\"PERINKULAM, BANK ROAD ALLATHUR, PALAKKAD DIST. KERALA STATE, 678541\",\"contact\":\"9287276571\",\"city\":\"ALATHUR\",\"district\":\"ALATHUR\",\"state\":\"KERALA\"},{\"name\":\"DHANALAKSHMI BANK\",\"ifsc\":\"DLXB0000062\",\"micr\":\"641048002\",\"branch\":\"COIMBATORE\",\"address\":\"P.B.NO.2951 268, CROSS CUT ROAD GANDHIPURAM COIMBATORE\",\"contact\":\"6450975\",\"city\":\"COIMBATORE\",\"district\":\"COIMBATORE\",\"state\":\"KERALA\"},{\"name\":\"DHANALAKSHMI BANK\",\"ifsc\":\"DLXB0000063\",\"micr\":\"641048005\",\"branch\":\"POLLACHI\",\"address\":\"P.B.NO. 21 NO.84,COIMBATORE ROAD POLLACHI T.N\",\"contact\":\"4942984\",\"city\":\"POLLACHI\",\"district\":\"POLLACHI\",\"state\":\"KERALA\"},{\"name\":\"DHANALAKSHMI BANK\",\"ifsc\":\"DLXB0000064\",\"micr\":\"680048017\",\"branch\":\"VARANDARAPPILLY\",\"address\":\"IV/788 KOVENDA CHURCH BUILDING,VARANDARAPPILLY THRISSUR DIST\",\"contact\":\"2760166\",\"city\":\"VARANDRAPALLY\",\"district\":\"VARANDRAPALLY\",\"state\":\"KERALA\"},{\"name\":\"DHANALAKSHMI BANK\",\"ifsc\":\"DLXB0000065\",\"micr\":\"686048801\",\"branch\":\"THRIKKARIYOOR\",\"address\":\"THERATHENAL BUILDING, TRIKKARIYOOR ERNAKULAM DISTRICT\",\"contact\":\"2822563\",\"city\":\"KOTHAMANGALAM\",\"district\":\"KOTHAMANGALAM\",\"state\":\"KERALA\"},{\"name\":\"DHANALAKSHMI BANK\",\"ifsc\":\"DLXB0000066\",\"micr\":\"670048002\",\"branch\":\"KANNUR\",\"address\":\"P.B.NO:60,DOOR NO:2471, WARD CC/XXIX,1ST FLOOR, SHAAN BLDG., J S PAUL JN. M A RAOD, KANNUR\",\"contact\":\"6450424\",\"city\":\"CANNUR\",\"district\":\"CANNUR\",\"state\":\"KERALA\"},{\"name\":\"DHANALAKSHMI BANK\",\"ifsc\":\"DLXB0000067\",\"micr\":\"685048102\",\"branch\":\"MUNNAR\",\"address\":\"MP/IX/2728 -F CHALAKKAL KRISHNAN SON ALUVA-MUNNAR ROAD, MUNNAR, KERALA\",\"contact\":\"9287276537\",\"city\":\"MUNNAR\",\"district\":\"MUNNAR\",\"state\":\"KERALA\"},{\"name\":\"DHANALAKSHMI BANK\",\"ifsc\":\"DLXB0000068\",\"micr\":\"600048003\",\"branch\":\"CHENNAI-MANDAVELI\",\"address\":\"NO:34, CSM PLAZA,V.K.ROAD MANDVELI, CHENNAI CHENNAI, T.N\",\"contact\":\"64530731\",\"city\":\"CHENNAI\",\"district\":\"CHENNAI\",\"state\":\"KERALA\"},{\"name\":\"DHANALAKSHMI BANK\",\"ifsc\":\"DLXB0000069\",\"micr\":\"560048002\",\"branch\":\"BGR-DICKNSON ROAD\",\"address\":\"P.B.NO.4214 NO.9,DICKENSON ROAD, BANGALORE\",\"contact\":\"64548689\",\"city\":\"BANGALORE\",\"district\":\"BANGALORE\",\"state\":\"KERALA\"},{\"name\":\"DHANALAKSHMI BANK\",\"ifsc\":\"DLXB0000070\",\"micr\":\"575048002\",\"branch\":\"MANGALORE\",\"address\":\"DHINDA CHAMBERS,GROUND FLOOR,NO.5-5-301/3 M G ROAD,OPP:S D M LAW COLLAGE,MANGALORE\",\"contact\":\"2497730\",\"city\":\"MANGALORE\",\"district\":\"MANGALORE\",\"state\":\"KERALA\"},{\"name\":\"DHANALAKSHMI BANK\",\"ifsc\":\"DLXB0000071\",\"micr\":\"680048402\",\"branch\":\"KUMARANELLUR\",\"address\":\"VIII/1023 TRICHUR-SHORNUR ROAD KUMARANELLUR-OTTUPPARA WADAKKANCHERY, TCR DIST\",\"contact\":\"9287276523\",\"city\":\"KUMARANELLUR\",\"district\":\"KUMARANELLUR\",\"state\":\"KERALA\"},{\"name\":\"DHANALAKSHMI BANK\",\"ifsc\":\"DLXB0000072\",\"micr\":\"682048009\",\"branch\":\"DESOM\",\"address\":\"III/202 NATIONAL HIGH WAY 47 DESOM ALUVA, EKM DIST\",\"contact\":\"6453410\",\"city\":\"DESOM\",\"district\":\"DESOM\",\"state\":\"KERALA\"},{\"name\":\"DHANALAKSHMI BANK\",\"ifsc\":\"DLXB0000073\",\"micr\":\"683048002\",\"branch\":\"ANGAMALY\",\"address\":\"P.B.NO.8 GROUND FLOOR K V VARKEY MEMORIAL COMPLEX, ANGAMALY\",\"contact\":\"6453378\",\"city\":\"ANGAMALY\",\"district\":\"ANGAMALY\",\"state\":\"KERALA\"},{\"name\":\"DHANALAKSHMI BANK\",\"ifsc\":\"DLXB0000074\",\"micr\":\"678048805\",\"branch\":\"PUDUSSERRY\",\"address\":\"5/657 MAIN ROAD PUDUSSERY KANJIKODE PALAKKAD DIST\",\"contact\":\"2566385\",\"city\":\"KANJIKODE\",\"district\":\"KANJIKODE\",\"state\":\"KERALA\"},{\"name\":\"DHANALAKSHMI BANK\",\"ifsc\":\"DLXB0000075\",\"micr\":\"678048806\",\"branch\":\"KODUNTHIRAPILLY\",\"address\":\"PRIYADARSHINI NAGAR, KODUNTHIRAPPULLY PALAKKAD PALAKKAD, KERALA, 678004\",\"contact\":\"2508153\",\"city\":\"KODUNTHRIRAPALLY\",\"district\":\"KODUNTHRIRAPALLY\",\"state\":\"KERALA\"},{\"name\":\"DHANALAKSHMI BANK\",\"ifsc\":\"DLXB0000076\",\"micr\":\"680048015\",\"branch\":\"ARATTUPUZHA\",\"address\":\"SREE MURALI COMPLEX PALLESSERY P.O. ARATTUPUZHA TCR DIST\",\"contact\":\"2790228\",\"city\":\"ARATTUPUZHA\",\"district\":\"ARATTUPUZHA\",\"state\":\"KERALA\"},{\"name\":\"DHANALAKSHMI BANK\",\"ifsc\":\"DLXB0000077\",\"micr\":\"695048152\",\"branch\":\"ANAD\",\"address\":\"3/53 V V BUILDINGS, PAZHAKUTTY P.O.NEDUMANGAD THIRUVANANTHAPURAM.\",\"contact\":\"2812248\",\"city\":\"NEDUMANGAD\",\"district\":\"NEDUMANGAD\",\"state\":\"KERALA\"},{\"name\":\"DHANALAKSHMI BANK\",\"ifsc\":\"DLXB0000078\",\"micr\":\"691048801\",\"branch\":\"CHADAYAMANGALAM\",\"address\":\"DEVARAGAM BUILDING NEAR KSRTC BUS STAND CHADAYAMANGALM- 691534 KOLLAM\",\"contact\":\"2475255\",\"city\":\"AYOOR\",\"district\":\"AYOOR\",\"state\":\"KERALA\"},{\"name\":\"DHANALAKSHMI BANK\",\"ifsc\":\"DLXB0000079\",\"micr\":\"678048807\",\"branch\":\"KOPPAM\",\"address\":\"KOPPAM, PULASSERY, KOPPAM VILLAGE PALAKKAD DIST , KERALA, 679307\",\"contact\":\"9287276511\",\"city\":\"KOPPAM\",\"district\":\"KOPPAM\",\"state\":\"KERALA\"},{\"name\":\"DHANALAKSHMI BANK\",\"ifsc\":\"DLXB0000080\",\"micr\":\"682048010\",\"branch\":\"TRIPUNITHURA\",\"address\":\"P.B.NO.9 EAST FORT GATE TRIPUNITHURA EKM DIST\",\"contact\":\"6453550\",\"city\":\"KOCHI\",\"district\":\"KOCHI\",\"state\":\"KERALA\"},{\"name\":\"DHANALAKSHMI BANK\",\"ifsc\":\"DLXB0000081\",\"micr\":\"680048007\",\"branch\":\"PALAKKAL\",\"address\":\"MONON S COMPLEX AMMADAM/KODANNUR ROAD PALAKKAL THRISSUR\",\"contact\":\"9287276551\",\"city\":\"CHERPU\",\"district\":\"CHERPU\",\"state\":\"KERALA\"},{\"name\":\"DHANALAKSHMI BANK\",\"ifsc\":\"DLXB0000082\",\"micr\":\"680048014\",\"branch\":\"KURICHIKARA\",\"address\":\"CHEERIAN SHOPPING COMPLEX, PONGANAMKED KURICHIKKARA, KERALA STATE, 680028\",\"contact\":\"2695625\",\"city\":\"KURICHIKARA\",\"district\":\"KURICHIKARA\",\"state\":\"KERALA\"},{\"name\":\"DHANALAKSHMI BANK\",\"ifsc\":\"DLXB0000083\",\"micr\":\"678048252\",\"branch\":\"CHITTUR\",\"address\":\"9/IV CHITTUR-COIMBATORE ROAD CHITTUR PALAKKAD DIST\",\"contact\":\"9287276485\",\"city\":\"CHITTUR\",\"district\":\"CHITTUR\",\"state\":\"KERALA\"},{\"name\":\"DHANALAKSHMI BANK\",\"ifsc\":\"DLXB0000084\",\"micr\":\"629048002\",\"branch\":\"NAGERCOIL\",\"address\":\"DOOR NO: 86, 1ST FLOOR, EAST TOWER, VSK BUILDING, NAGERCOIL,KANYA KUMARI DT\",\"contact\":\"9244943010\",\"city\":\"NAGERCOIL\",\"district\":\"NAGERCOIL\",\"state\":\"KERALA\"},{\"name\":\"DHANALAKSHMI BANK\",\"ifsc\":\"DLXB0000085\",\"micr\":\"691048802\",\"branch\":\"KALLAMBALAM\",\"address\":\"THULASI COMPLEX, KALLAMBALAM THIRUVANANTHAPURAM DIST\",\"contact\":\"9287276615\",\"city\":\"KALLAMBALAM\",\"district\":\"KALLAMBALAM\",\"state\":\"KERALA\"},{\"name\":\"DHANALAKSHMI BANK\",\"ifsc\":\"DLXB0000086\",\"micr\":\"680048006\",\"branch\":\"THAIKKATTUSSERY\",\"address\":\"EDAKUNNI TEMPLE ROAD, OLLUR TRICHUR DIST THAIKKATTUSSERY, KERALA STATE, 680303\",\"contact\":\"6454130\",\"city\":\"THAIKKATTUSSERY\",\"district\":\"THAIKKATTUSSERY\",\"state\":\"KERALA\"},{\"name\":\"DHANALAKSHMI BANK\",\"ifsc\":\"DLXB0000087\",\"micr\":\"680048012\",\"branch\":\"KOTTEKKAD\",\"address\":\"10/508, KUNNATH BUILDING, KOTTEKKAD KUTTUR P.O THRISSUR, KERALA, 680001\",\"contact\":\"2212352\",\"city\":\"KOTTEKKAD\",\"district\":\"KOTTEKKAD\",\"state\":\"KERALA\"},{\"name\":\"DHANALAKSHMI BANK\",\"ifsc\":\"DLXB0000088\",\"micr\":\"500048002\",\"branch\":\"HYDERABAD\",\"address\":\"P.B.NO.246 1ST FLOOR, KUNDA S ESTATE ABIDS, HYDERABAD, A.P\",\"contact\":\"4544549\",\"city\":\"HYDERABAD\",\"district\":\"HYDERABAD\",\"state\":\"ANDHRA PRADESH\"},{\"name\":\"DHANALAKSHMI BANK\",\"ifsc\":\"DLXB0000089\",\"micr\":\"NA\",\"branch\":\"K.V.KUPPAM\",\"address\":\"VASANTH MAHAL, NO:4/106 KATAPADI-GUDIYATAM MAIN ROAD, K V KUPPAM, VELLORE DISTRICT, TN\",\"contact\":\"1246227\",\"city\":\"K.V.KUPPAM\",\"district\":\"VELLORE\",\"state\":\"TAMIL NADU\"},{\"name\":\"DHANALAKSHMI BANK\",\"ifsc\":\"DLXB0000090\",\"micr\":\"NA\",\"branch\":\"LATHERI\",\"address\":\"1/327 MAIN ROAD LATHERI NORTH ARCOT, T.N\",\"contact\":\"6450921\",\"city\":\"LATHERI\",\"district\":\"VELLORE\",\"state\":\"TAMIL NADU\"},{\"name\":\"DHANALAKSHMI BANK\",\"ifsc\":\"DLXB0000091\",\"micr\":\"632048002\",\"branch\":\"VELLORE\",\"address\":\"NO 20, 1ST FLOOR GANDHI ROAD P.B.NO.406 VELLORE, T.N\",\"contact\":\"6450507\",\"city\":\"VELLORE\",\"district\":\"VELLORE\",\"state\":\"TAMIL NADU\"},{\"name\":\"DHANALAKSHMI BANK\",\"ifsc\":\"DLXB0000092\",\"micr\":\"695048252\",\"branch\":\"SREENIVASAPURAM\",\"address\":\"C-VI/300 COLLEGE-NADAYANA ROAD SREENIVASAPURAM VARKALA TVM DT\",\"contact\":\"9287276580\",\"city\":\"VARKALA\",\"district\":\"VARKALA\",\"state\":\"KERALA\"},{\"name\":\"DHANALAKSHMI BANK\",\"ifsc\":\"DLXB0000094\",\"micr\":\"572048002\",\"branch\":\"TUMKUR\",\"address\":\"2 KUVEMPU NAGAR P.O.BLDG B.H.ROAD BATAWADI TUMKUR, KARNATAKA STATE\",\"contact\":\"6450183\",\"city\":\"TUMKUR\",\"district\":\"TUMKUR\",\"state\":\"KARNATAKA\"},{\"name\":\"DHANALAKSHMI BANK\",\"ifsc\":\"DLXB0000095\",\"micr\":\"688048002\",\"branch\":\"ALAPPUZHA\",\"address\":\"26/1006 PALACE ROAD ALAPPUZHA KERALA\",\"contact\":\"6451255\",\"city\":\"ALAPPUZHA\",\"district\":\"ALAPPUZHA\",\"state\":\"KERALA\"},{\"name\":\"DHANALAKSHMI BANK\",\"ifsc\":\"DLXB0000096\",\"micr\":\"NA\",\"branch\":\"VAZHAIPANDAL\",\"address\":\"SRI L N PERUMAL KOIL STREET, VAZHAIPANDAL NORTH ARCOT DIST ,VELLORE , TAMIL NADU, 600001\",\"contact\":\"2244808\",\"city\":\"VAZHAIPANDAL\",\"district\":\"VAZHAIPANDAL\",\"state\":\"TAMIL NADU\"},{\"name\":\"DHANALAKSHMI BANK\",\"ifsc\":\"DLXB0000097\",\"micr\":\"600048004\",\"branch\":\"CHENNAI-G.T\",\"address\":\"OLD NO;128,NEW NO.269 THAMBU CHETTY STRE GEORGE TOWN, CHENNAI\",\"contact\":\"64547916\",\"city\":\"CHENNAI\",\"district\":\"CHENNAI\",\"state\":\"TAMIL NADU\"},{\"name\":\"DHANALAKSHMI BANK\",\"ifsc\":\"DLXB0000098\",\"micr\":\"680048019\",\"branch\":\"EDAVILANGU\",\"address\":\"PANCHAYAT OFFICE BUILDING EDAVILANGU ROAD EDAVILANGU,KODUNGALLOOR THRISSUR DIST\",\"contact\":\"9287276491\",\"city\":\"EDAVILANGU\",\"district\":\"EDAVILANGU\",\"state\":\"KERALA\"},{\"name\":\"DHANALAKSHMI BANK\",\"ifsc\":\"DLXB0000099\",\"micr\":\"686048801\",\"branch\":\"AYARKUNNAM\",\"address\":\"FIRST FLOOR, CHIRAPURATHU BUILDINGS MAIN ROAD AYARKUNNAM AYARKUNNAM, KERALA STATE, 686564\",\"contact\":\"2542386\",\"city\":\"AYARKUNNAM\",\"district\":\"AYARKUNNAM\",\"state\":\"KERALA\"},{\"name\":\"DHANALAKSHMI BANK\",\"ifsc\":\"DLXB0000100\",\"micr\":\"686048801\",\"branch\":\"CHIRAKADAVU\",\"address\":\"III- 53 K.K.ROAD KOLLATHUKULAM BLDG., CHIRAKADAVU,PONKUNNAM KOTTAYAM DIST\",\"contact\":\"8221403\",\"city\":\"PONKUNNAM\",\"district\":\"PONKUNNAM\",\"state\":\"KERALA\"},{\"name\":\"DHANALAKSHMI BANK\",\"ifsc\":\"DLXB0000101\",\"micr\":\"678048808\",\"branch\":\"PERUVAMBA\",\"address\":\"6/168 SHERIFF MENZIL, CHUNGAM PALAKKAD ROAD PERUVAMBA PALAKKAD DIST, KERALA, 678531\",\"contact\":\"3252353\",\"city\":\"PERUVEMBA\",\"district\":\"PERUVEMBA\",\"state\":\"KERALA\"},{\"name\":\"DHANALAKSHMI BANK\",\"ifsc\":\"DLXB0000102\",\"micr\":\"695048008\",\"branch\":\"VATTAPARA\",\"address\":\"VATTAPPARA 678506, TRIVANDRUM DIST VATTAPPARA, KERALA STATE, 678506\",\"contact\":\"9287276626\",\"city\":\"VATTAPARA\",\"district\":\"VATTAPARA\",\"state\":\"KERALA\"},{\"name\":\"DHANALAKSHMI BANK\",\"ifsc\":\"DLXB0000103\",\"micr\":\"520048001\",\"branch\":\"VIJAYAWADA\",\"address\":\"27-6-177 PRAKASHAM ROAD,IST FLOOR 434 GOVERNERPET VIJAYAWADA, A.P\",\"contact\":\"6455460\",\"city\":\"VIJAYAWADA\",\"district\":\"VIJAYAWADA\",\"state\":\"ANDHRA PRADESH\"},{\"name\":\"DHANALAKSHMI BANK\",\"ifsc\":\"DLXB0000104\",\"micr\":\"691048803\",\"branch\":\"CHITTUMALA\",\"address\":\"1V/406 KOLLAM-KALLADA ROAD MULAVANA P O KOLLAM DIST\",\"contact\":\"9287276489\",\"city\":\"CHITTUMALA\",\"district\":\"CHITTUMALA\",\"state\":\"KERALA\"},{\"name\":\"DHANALAKSHMI BANK\",\"ifsc\":\"DLXB0000105\",\"micr\":\"620048002\",\"branch\":\"THIRUCHIRAPPALLI\",\"address\":\"P.B.NO 451, 12 MADURAI ROAD, THIRUCHIRAPPALLAI.\",\"contact\":\"6450991\",\"city\":\"TIRUCHIRAPPALLI\",\"district\":\"TIRUCHIRAPPALLI\",\"state\":\"TAMIL NADU\"},{\"name\":\"DHANALAKSHMI BANK\",\"ifsc\":\"DLXB0000106\",\"micr\":\"625048002\",\"branch\":\"MADURAI\",\"address\":\"216-A. NETAJI ROAD MADURAI TAMIL NADU\",\"contact\":\"6548223\",\"city\":\"MADURAI\",\"district\":\"MADURAI\",\"state\":\"TAMIL NADU\"},{\"name\":\"DHANALAKSHMI BANK\",\"ifsc\":\"DLXB0000107\",\"micr\":\"636048002\",\"branch\":\"SALEM\",\"address\":\"# 77, 1ST FLOOR, ORIENTAL SHOPPING COMPLEX A A STREET, SALEM - 1. T.N\",\"contact\":\"6540546\",\"city\":\"SALEM\",\"district\":\"SALEM\",\"state\":\"TAMIL NADU\"},{\"name\":\"DHANALAKSHMI BANK\",\"ifsc\":\"DLXB0000108\",\"micr\":\"678048809\",\"branch\":\"MELARKODE\",\"address\":\"CHITTILANCHERRY P O, MELARCODE PALAKKAD DIST. MELARCODE, KERALA STATE, 678704\",\"contact\":\"9287276536\",\"city\":\"MELARCODE\",\"district\":\"MELARCODE\",\"state\":\"KERALA\"},{\"name\":\"DHANALAKSHMI BANK\",\"ifsc\":\"DLXB0000110\",\"micr\":\"686048053\",\"branch\":\"PERUNNA\",\"address\":\"XIX/514 M.C.ROAD PERUNNA KOTTAYAM DIST\",\"contact\":\"6452346\",\"city\":\"CHANGANASSERY\",\"district\":\"CHANGANASSERY\",\"state\":\"KERALA\"},{\"name\":\"DHANALAKSHMI BANK\",\"ifsc\":\"DLXB0000111\",\"micr\":\"690048154\",\"branch\":\"THAZHAKKARA\",\"address\":\"421 MAVELIKARA-PANDALAM ROAD KUNNAM P O, ALAPUZHA\",\"contact\":\"6452299\",\"city\":\"THAZHAKKARA\",\"district\":\"THAZHAKKARA\",\"state\":\"KERALA\"},{\"name\":\"DHANALAKSHMI BANK\",\"ifsc\":\"DLXB0000112\",\"micr\":\"638048002\",\"branch\":\"ERODE\",\"address\":\"D.NO.523, NETHAJI ROAD, ERODE, PERIYAR DIST T.N\",\"contact\":\"4943013\",\"city\":\"ERODE\",\"district\":\"ERODE\",\"state\":\"KERALA\"},{\"name\":\"DHANALAKSHMI BANK\",\"ifsc\":\"DLXB0000113\",\"micr\":\"689048102\",\"branch\":\"THIRUVALLA\",\"address\":\"17/567 M.C.ROAD THIRUVALLA KERALA\",\"contact\":\"6450209\",\"city\":\"THIRUVALLA\",\"district\":\"THIRUVALLA\",\"state\":\"KERALA\"},{\"name\":\"DHANALAKSHMI BANK\",\"ifsc\":\"DLXB0000114\",\"micr\":\"679048002\",\"branch\":\"OTTAPPALAM\",\"address\":\"V/421 , MAIN ROAD P.B. NO 18 OTTAPALAM PALAKKAD DIST\",\"contact\":\"9287276544\",\"city\":\"OTTAPALAM\",\"district\":\"OTTAPALAM\",\"state\":\"KERALA\"},{\"name\":\"DHANALAKSHMI BANK\",\"ifsc\":\"DLXB0000115\",\"micr\":\"NA\",\"branch\":\"ADIRAMAPATTANAM\",\"address\":\"27 B AND C, POST OFFICE ROAD ADIRAMPATTINAM TANJORE DIST, TAMIL NADU, 614701\",\"contact\":\"4942985\",\"city\":\"ADIRAMAPATTINAM\",\"district\":\"ADIRAMAPATTINAM\",\"state\":\"TAMIL NADU\"},{\"name\":\"DHANALAKSHMI BANK\",\"ifsc\":\"DLXB0000116\",\"micr\":\"560048003\",\"branch\":\"J C ROAD,BGL\",\"address\":\"J C ROAD BRANCH, GROUND FLOOR, NO.92, SHIVAJI TOWERS, J C ROAD,BANGALORE\",\"contact\":\"3606707\",\"city\":\"BANGALORE\",\"district\":\"BANGALORE\",\"state\":\"KARNATAKA\"},{\"name\":\"DHANALAKSHMI BANK\",\"ifsc\":\"DLXB0000117\",\"micr\":\"689048801\",\"branch\":\"PAMBA\",\"address\":\"TRIVENI,PATHANAMTHITTA DT 689714\",\"contact\":\"5203465\",\"city\":\"PATHANAMTHITTA\",\"district\":\"PATHANAMTHITTA\",\"state\":\"KERALA\"},{\"name\":\"DHANALAKSHMI BANK\",\"ifsc\":\"DLXB0000118\",\"micr\":\"695048003\",\"branch\":\"TVM - MANACAUD\",\"address\":\"T.C. 41/2343(4) MALSON TOWER MANACAUD TVM DIST\",\"contact\":\"6451034\",\"city\":\"THIRUVANANTHAPURAM\",\"district\":\"THIRUVANANTHAPURAM\",\"state\":\"KERALA\"},{\"name\":\"DHANALAKSHMI BANK\",\"ifsc\":\"DLXB0000119\",\"micr\":\"689048252\",\"branch\":\"THOTTAMON\",\"address\":\"NSS UNION BUILDING, PERUNKULUM RANNI ROAD THOTTAMON PATHANAMTHITTA DIST., KERALA, 689672\",\"contact\":\"5227497\",\"city\":\"RANNI\",\"district\":\"RANNI\",\"state\":\"KERALA\"},{\"name\":\"DHANALAKSHMI BANK\",\"ifsc\":\"DLXB0000120\",\"micr\":\"695048801\",\"branch\":\"KAPPIL\",\"address\":\"PARAVOOR VARKALA ROAD, KRISHAN KOVIL ROAD KAPPIL TRIVANDRUM DIST. KAPPIL, KERALA, 695311\",\"contact\":\"2661743\",\"city\":\"VARKALA\",\"district\":\"VARKALA\",\"state\":\"KERALA\"},{\"name\":\"DHANALAKSHMI BANK\",\"ifsc\":\"DLXB0000121\",\"micr\":\"689048102\",\"branch\":\"PATHANAMTHITTA\",\"address\":\"PB NO.54,CHANGAYIL BLDG COLLEGE ROAD PATHANAMTHITTA\",\"contact\":\"2222702\",\"city\":\"PATHANAMTHITTA\",\"district\":\"PATHANAMTHITTA\",\"state\":\"KERALA\"},{\"name\":\"DHANALAKSHMI BANK\",\"ifsc\":\"DLXB0000122\",\"micr\":\"689048052\",\"branch\":\"CHENGANNUR\",\"address\":\"XIV/242.M.C.ROAD CHENGANNUR ALAPPUZHA\",\"contact\":\"6452292\",\"city\":\"CHENGANNUR\",\"district\":\"CHENGANNUR\",\"state\":\"KERALA\"},{\"name\":\"DHANALAKSHMI BANK\",\"ifsc\":\"DLXB0000123\",\"micr\":\"641048102\",\"branch\":\"TIRUPUR\",\"address\":\"NO.318,SRI MUTHU PLAZA AVINASHI ROAD, TIRUPUR\",\"contact\":\"6450584\",\"city\":\"TIRUPUR\",\"district\":\"TIRUPUR\",\"state\":\"TAMIL NADU\"},{\"name\":\"DHANALAKSHMI BANK\",\"ifsc\":\"DLXB0000124\",\"micr\":\"400048003\",\"branch\":\"MUMBAI-MATUNGA\",\"address\":\"2/323-B,SUDHIR SADAN, CHANDAVARKAR ROAD , MATUNGA MUMBAI.\",\"contact\":\"64531095\",\"city\":\"MUMBAI\",\"district\":\"MUMBAI\",\"state\":\"MAHARASHTRA\"},{\"name\":\"DHANALAKSHMI BANK\",\"ifsc\":\"DLXB0000125\",\"micr\":\"638048003\",\"branch\":\"VEERAPANCHATRAM\",\"address\":\"10/210, SATHY ROAD, VEERAPANCHATRAM, ERODE, TAMIL NADU\",\"contact\":\"4943016\",\"city\":\"ERODE\",\"district\":\"ERODE\",\"state\":\"TAMIL NADU\"},{\"name\":\"DHANALAKSHMI BANK\",\"ifsc\":\"DLXB0000126\",\"micr\":\"695048005\",\"branch\":\"TVM-SASTHAMANGALAM\",\"address\":\"BALAKRISHNA BUILDING TC NO.IX/767 (1) SASTHAMANGALAM THIRUVANANTHAPURAM\",\"contact\":\"6451269\",\"city\":\"THIRUVANANTHAPURAM\",\"district\":\"THIRUVANANTHAPURAM\",\"state\":\"KERALA\"},{\"name\":\"DHANALAKSHMI BANK\",\"ifsc\":\"DLXB0000127\",\"micr\":\"641048003\",\"branch\":\"PEELAMEDU\",\"address\":\"286, STANDARD TOWERS AVANASHI ROAD, PEELAMEDU COIMBATORE\",\"contact\":\"6451927\",\"city\":\"COIMBATORE\",\"district\":\"COIMBATORE\",\"state\":\"TAMIL NADU\"},{\"name\":\"DHANALAKSHMI BANK\",\"ifsc\":\"DLXB0000128\",\"micr\":\"670048102\",\"branch\":\"THALASSERY\",\"address\":\"1ST FLOOR,HOPES SHOPPING COMPLEX,7/154 LOGANS ROAD THALASSERY KANNUR\",\"contact\":\"6450410\",\"city\":\"THALASSERY\",\"district\":\"THALASSERY\",\"state\":\"KERALA\"},{\"name\":\"DHANALAKSHMI BANK\",\"ifsc\":\"DLXB0000129\",\"micr\":\"642048002\",\"branch\":\"UDUMALPET\",\"address\":\"NO.23,SREE KRISHNA TOWERS BYE PASS ROAD,UDUMALPET COIMBATORE DT.\",\"contact\":\"4942990\",\"city\":\"UDUMALPET\",\"district\":\"UDUMALPET\",\"state\":\"TAMIL NADU\"},{\"name\":\"DHANALAKSHMI BANK\",\"ifsc\":\"DLXB0000130\",\"micr\":\"679048152\",\"branch\":\"PERINTHALMANNA\",\"address\":\"DOOR NO.PM/5/148/13 FIRST FLOOR,CITY CENTRE, PATTAMBI ROAD, PEINTHALMANNA\",\"contact\":\"9287276566\",\"city\":\"PERINTALMANNA\",\"district\":\"PERINTALMANNA\",\"state\":\"KERALA\"},{\"name\":\"DHANALAKSHMI BANK\",\"ifsc\":\"DLXB0000131\",\"micr\":\"685048001\",\"branch\":\"THODUPUZHA\",\"address\":\"DOOR NO.162/9 JYOTHI SUPER BAZAR P.B.NO. 36, THODUPUZHA\",\"contact\":\"9287276628\",\"city\":\"THODUPUZHA\",\"district\":\"THODUPUZHA\",\"state\":\"KERALA\"},{\"name\":\"DHANALAKSHMI BANK\",\"ifsc\":\"DLXB0000132\",\"micr\":\"676048002\",\"branch\":\"TIRUR\",\"address\":\"1ST FLOOR K M S TOWER THAZHEPALAM TIRUR\",\"contact\":\"6450592\",\"city\":\"TIRUR\",\"district\":\"TIRUR\",\"state\":\"KERALA\"},{\"name\":\"DHANALAKSHMI BANK\",\"ifsc\":\"DLXB0000133\",\"micr\":\"673048003\",\"branch\":\"CHEVARAMBALAM\",\"address\":\"28/648-R,WARD 28, KOYENCO SHOPPING COMPLEX, MAVOOR CALICUT ROAD, CHEVAYOOR, KOZHIKODE\",\"contact\":\"6453460\",\"city\":\"CALICUT\",\"district\":\"CALICUT\",\"state\":\"KERALA\"},{\"name\":\"DHANALAKSHMI BANK\",\"ifsc\":\"DLXB0000134\",\"micr\":\"679048202\",\"branch\":\"PONNANI\",\"address\":\"7/859 A,1ST FLOOR AMBADY BULDGS, CHAMMARAVATTOM JN, PONNANI\",\"contact\":\"6450495\",\"city\":\"PONNANI\",\"district\":\"PONNANI\",\"state\":\"KERALA\"},{\"name\":\"DHANALAKSHMI BANK\",\"ifsc\":\"DLXB0000135\",\"micr\":\"686048252\",\"branch\":\"MUVATTUPUZHA\",\"address\":\"XI/2734(3),VETTUKATTIL HOSPITAL COMPLEX BLDG M C ROAD, (TB JUNCTION) MUVATTUPUZHA\",\"contact\":\"6450327\",\"city\":\"MUVATTUPUZHA\",\"district\":\"MUVATTUPUZHA\",\"state\":\"KERALA\"},{\"name\":\"DHANALAKSHMI BANK\",\"ifsc\":\"DLXB0000136\",\"micr\":\"676048252\",\"branch\":\"VALANCHERY\",\"address\":\"214A PBNO28 OPP.BUS STAND CALICUT ROAD VALANCHERY MALAPPURAM\",\"contact\":\"6450687\",\"city\":\"VALANCHERRY\",\"district\":\"VALANCHERRY\",\"state\":\"KERALA\"},{\"name\":\"DHANALAKSHMI BANK\",\"ifsc\":\"DLXB0000137\",\"micr\":\"600048005\",\"branch\":\"CHENNAI-T.NAGAR\",\"address\":\"47, SOUTH USMAN ROAD T.NAGAR CHENNAI\",\"contact\":\"64361208\",\"city\":\"CHENNAI\",\"district\":\"CHENNAI\",\"state\":\"TAMIL NADU\"},{\"name\":\"DHANALAKSHMI BANK\",\"ifsc\":\"DLXB0000138\",\"micr\":\"639048002\",\"branch\":\"KARUR\",\"address\":\"021044, GROUND FLOOR, KOVAI ROAD, KARUR. TAMIL NADU\",\"contact\":\"4653561\",\"city\":\"KARUR\",\"district\":\"KARUR\",\"state\":\"TAMIL NADU\"},{\"name\":\"DHANALAKSHMI BANK\",\"ifsc\":\"DLXB0000139\",\"micr\":\"560048004\",\"branch\":\"PEENYA\",\"address\":\"PEENYA INDUSTRIAL ASSN BHAVAN,PEENYA TRADE CENTR 1ST CROSS,1ST STAGE PEENYA, BANGALORE\",\"contact\":\"64548691\",\"city\":\"PEENYA\",\"district\":\"PEENYA\",\"state\":\"KARNATAKA\"},{\"name\":\"DHANALAKSHMI BANK\",\"ifsc\":\"DLXB0000140\",\"micr\":\"400048004\",\"branch\":\"MUMBAI-CHEMBUR\",\"address\":\"DOOR NO:1,2,3GROUND FLOOR, URMILA COMPLEX,32 STATION AVENUE ROAD, CHEMBUR, MUMBAI 400071\",\"contact\":\"25285760\",\"city\":\"MUMBAI\",\"district\":\"MUMBAI\",\"state\":\"MAHARASHTRA\"},{\"name\":\"DHANALAKSHMI BANK\",\"ifsc\":\"DLXB0000141\",\"micr\":\"600048001\",\"branch\":\"SERVICE BRANCH, CHENNAI\",\"address\":\"THE DHANALAKSHMI BANK LTD., SERVICE BRANCH, CHENNAI, NO:163, OM SAKTHI TOWERS, ANNA SALAI, CHENNAI - 600002\",\"contact\":\"49037026\",\"city\":\"CHENNAI\",\"district\":\"CHENNAI\",\"state\":\"TAMIL NADU\"},{\"name\":\"DHANALAKSHMI BANK\",\"ifsc\":\"DLXB0000142\",\"micr\":\"395048002\",\"branch\":\"SURAT\",\"address\":\"3RD FLOOR,THE SURAT VANKAR SAHAKARI SANGH BLG OPP.RESHAMWALA MARKET RING ROAD, SURAT,GUJARAT\",\"contact\":\"2350699\",\"city\":\"SURAT\",\"district\":\"SURAT\",\"state\":\"GUJARAT\"},{\"name\":\"DHANALAKSHMI BANK\",\"ifsc\":\"DLXB0000143\",\"micr\":\"380048002\",\"branch\":\"AHMEDABAD\",\"address\":\"3, MOTILAL CHAMBERS INCOME TAX CIRCLE, NEAR SALES INDIA ASHRAM ROAD, AHMEDABAD\",\"contact\":\"4502690\",\"city\":\"AHMEDABAD\",\"district\":\"AHMEDABAD\",\"state\":\"GUJARAT\"},{\"name\":\"DHANALAKSHMI BANK\",\"ifsc\":\"DLXB0000144\",\"micr\":\"400048002\",\"branch\":\"FORT MUMBAI\",\"address\":\"MUMBAI\",\"contact\":\"22045878\",\"city\":\"MUMBAI\",\"district\":\"MUMBAI\",\"state\":\"MAHARASHTRA\"},{\"name\":\"DHANALAKSHMI BANK\",\"ifsc\":\"DLXB0000145\",\"micr\":\"682048004\",\"branch\":\"EKM-IFB\",\"address\":\"P.B.NO:3548, XL/7296,ADJACENT TO T.D,. EAST SANNIDHI ROAD, M G ROAD ERNAKULAM.\",\"contact\":\"6675000\",\"city\":\"KOCHI\",\"district\":\"KOCHI\",\"state\":\"KERALA\"},{\"name\":\"DHANALAKSHMI BANK\",\"ifsc\":\"DLXB0000146\",\"micr\":\"NA\",\"branch\":\"RTGS-HO\",\"address\":\"DHANALAKSHMI BANK LTD, MUMBAI\",\"contact\":\"61541700\",\"city\":\"MUMBAI\",\"district\":\"MUMBAI\",\"state\":\"MAHARASHTRA\"},{\"name\":\"DHANALAKSHMI BANK\",\"ifsc\":\"DLXB0000147\",\"micr\":\"110048002\",\"branch\":\"NEW DELHI\",\"address\":\"H 17,GOBIND MANSION, OUTER CIRCLE, CONNAUGHT CIRCUS, NEW DELHI -110 001\",\"contact\":\"64544645\",\"city\":\"DELHI\",\"district\":\"DELHI\",\"state\":\"DELHI\"},{\"name\":\"DHANALAKSHMI BANK\",\"ifsc\":\"DLXB0000148\",\"micr\":\"682048008\",\"branch\":\"EKM-KALOOR\",\"address\":\"DHANALAKSHMI BANK LTD., M E S CULTURAL COMPLEX BUILDING, GROUND FLOOR, KALOOR, ERNAKULAM\",\"contact\":\"6453297\",\"city\":\"KALOOR\",\"district\":\"KALOOR\",\"state\":\"KERALA\"},{\"name\":\"DHANALAKSHMI BANK\",\"ifsc\":\"DLXB0000149\",\"micr\":\"600048006\",\"branch\":\"CHENNAI-ANNA NAGAR\",\"address\":\"DHANALAKSHMI BANK LTD, Y-219, 2ND AVENUE, NEAR AYYAPPAN TEMPLE, ANNA NAGAR, CHENNAI-40\",\"contact\":\"64547913\",\"city\":\"CHENNAI\",\"district\":\"CHENNAI\",\"state\":\"TAMIL NADU\"},{\"name\":\"DHANALAKSHMI BANK\",\"ifsc\":\"DLXB0000150\",\"micr\":\"686048302\",\"branch\":\"PALAI\",\"address\":\"FIRST FLOOR JOBEES COMPLEX KATTAKKAYAM ROAD PALAI,KOTTAYAM DT\",\"contact\":\"9287276550\",\"city\":\"PALAI\",\"district\":\"PALAI\",\"state\":\"KERALA\"},{\"name\":\"DHANALAKSHMI BANK\",\"ifsc\":\"DLXB0000151\",\"micr\":\"560048005\",\"branch\":\"BGR-KORAMANGALA\",\"address\":\"100, 18TH MAIN, 6TH BLOCK, KORAMANGALA , BANGALORE\",\"contact\":\"64540467\",\"city\":\"BANGALORE\",\"district\":\"BANGALORE\",\"state\":\"KARNATAKA\"},{\"name\":\"DHANALAKSHMI BANK\",\"ifsc\":\"DLXB0000152\",\"micr\":\"673048202\",\"branch\":\"KALPETTA\",\"address\":\"SAKEENA SHOPPING COMPLEX, 1ST FLOOR, KALPETTA, WAYANAD DISTRICT, KERALA\",\"contact\":\"207595\",\"city\":\"KALPETTA\",\"district\":\"KALPETTA\",\"state\":\"KERALA\"},{\"name\":\"DHANALAKSHMI BANK\",\"ifsc\":\"DLXB0000153\",\"micr\":\"671048002\",\"branch\":\"KASARGODE\",\"address\":\"APSARA REGENCY COMPLEX, OPP. K S R T C BUS STAND, BANK ROAD, KASARGODE\",\"contact\":\"9287276561\",\"city\":\"KASARAGOD\",\"district\":\"KASARAGOD\",\"state\":\"KERALA\"},{\"name\":\"DHANALAKSHMI BANK\",\"ifsc\":\"DLXB0000154\",\"micr\":\"700048003\",\"branch\":\"KOLKATA\",\"address\":\"IDEAL PLAZA, GROUND FLOOR, 11/1, SARAT BOSE ROAD, KOLKATA.\",\"contact\":\"22815100\",\"city\":\"KOLKATA\",\"district\":\"KOLKATA\",\"state\":\"WEST BENGAL\"},{\"name\":\"DHANALAKSHMI BANK\",\"ifsc\":\"DLXB0000155\",\"micr\":\"682048012\",\"branch\":\"EDAPPALLY\",\"address\":\"THE DHANALAKSHMI BANK LTD, AMRITHA INSTITUTE OF MEDICAL SCIENCES, EDAPPALLY, KOCHI.\",\"contact\":\"6453611\",\"city\":\"THRIKKAKARA\",\"district\":\"THRIKKAKARA\",\"state\":\"KERALA\"},{\"name\":\"DHANALAKSHMI BANK\",\"ifsc\":\"DLXB0000156\",\"micr\":\"678048102\",\"branch\":\"KOLLANGODE\",\"address\":\"VASANTHA COMPLEX, KOLLENGODE PALAKKAD DIST. KERALA STATE, 678506\",\"contact\":\"9287276509\",\"city\":\"KOLLENGODE I\",\"district\":\"KOLLENGODE I\",\"state\":\"KERALA\"},{\"name\":\"DHANALAKSHMI BANK\",\"ifsc\":\"DLXB0000157\",\"micr\":\"682048001\",\"branch\":\"SERVICE BRANCH, ERANAKULAM\",\"address\":\"THE DHANALAKSHMI BANK LTD ,XXX/147-G, N H ROAD, PALARIVATTOM, ERNAKULAM..\",\"contact\":\"6453278\",\"city\":\"KOCHI\",\"district\":\"KOCHI\",\"state\":\"KERALA\"},{\"name\":\"DHANALAKSHMI BANK\",\"ifsc\":\"DLXB0000158\",\"micr\":\"695048001\",\"branch\":\"SERVICE BRANCH, THIRUVANANTHAPURAM\",\"address\":\"THE DHANALAKSHMI BANK LTD PB NO.5067, KARIMPAMAL ARCADE, FORT, THIRUVANANTHAPURAM\",\"contact\":\"6451050\",\"city\":\"THIRUVANANTHAPURAM\",\"district\":\"THIRUVANANTHAPURAM\",\"state\":\"KERALA\"},{\"name\":\"DHANALAKSHMI BANK\",\"ifsc\":\"DLXB0000159\",\"micr\":\"680048001\",\"branch\":\"SERVICE BRANCH, THRISSUR\",\"address\":\"THE DHANALAKSHMI BANK LTD, DHANALAKSHMI BUILDINGS, NAICKANAL, THRISSUR.\",\"contact\":\"7276687\",\"city\":\"THRISSUR\",\"district\":\"THRISSUR\",\"state\":\"KERALA\"},{\"name\":\"DHANALAKSHMI BANK\",\"ifsc\":\"DLXB0000160\",\"micr\":\"641048004\",\"branch\":\"R. S. PURAM\",\"address\":\"SRI NANDHINI COMPLEX, 8 VENKITASAMY ROAD, R.S.PURAM, COIMBATORE - 641 002.\",\"contact\":\"6451690\",\"city\":\"COIMBATORE\",\"district\":\"COIMBATORE\",\"state\":\"TAMIL NADU\"},{\"name\":\"DHANALAKSHMI BANK\",\"ifsc\":\"DLXB0000161\",\"micr\":\"560048010\",\"branch\":\"NA\",\"address\":\"4M-407,4TH MAIN,3RD BLOCK,HRBR LAYOUT,BANGALORE-560043.\",\"contact\":\"60120001\",\"city\":\"BANGALORE\",\"district\":\"BANGALORE\",\"state\":\"KARNATAKA\"},{\"name\":\"DHANALAKSHMI BANK\",\"ifsc\":\"DLXB0000162\",\"micr\":\"600048009\",\"branch\":\"VELACHERY\",\"address\":\"VELACHERY\",\"contact\":\"64540028\",\"city\":\"CHENNAI\",\"district\":\"CHENNAI\",\"state\":\"TAMIL NADU\"},{\"name\":\"DHANALAKSHMI BANK\",\"ifsc\":\"DLXB0000163\",\"micr\":\"689048003\",\"branch\":\"PANDALAM\",\"address\":\"GROUND FLOOR, MAR THOMA STUDENTS CENTRE, OPP NSS COLLEGE\",\"contact\":\"4254201\",\"city\":\"PATHANAMTHITTA\",\"district\":\"PATHANAMTHITTA\",\"state\":\"KERALA\"},{\"name\":\"DHANALAKSHMI BANK\",\"ifsc\":\"DLXB0000164\",\"micr\":\"400048001\",\"branch\":\"SERVICE BRANCH MUMBAI\",\"address\":\"GROUND FLOOR,JANMABHOOMI BHAVAN,JANMABHOOMI MARG, FORT,MUMBAI-400 001\",\"contact\":\"64530976\",\"city\":\"MUMBAI\",\"district\":\"MUMBAI\",\"state\":\"MAHARASHTRA\"},{\"name\":\"DHANALAKSHMI BANK\",\"ifsc\":\"DLXB0000165\",\"micr\":\"682048013\",\"branch\":\"BAR COUNCIL OF KERALA\",\"address\":\"BAR COUNCIL OF KER. BR. HIGH COURT CAMPUS, ERNAKULAM - 682 031.\",\"contact\":\"6453391\",\"city\":\"KOCHI\",\"district\":\"KOCHI\",\"state\":\"KERALA\"},{\"name\":\"DHANALAKSHMI BANK\",\"ifsc\":\"DLXB0000166\",\"micr\":\"691048052\",\"branch\":\"ADOOR\",\"address\":\"MOHANA BUILDING CENTRAL JUNCTION ADOOR PATHANAMTHITTA DIST.\",\"contact\":\"9287276474\",\"city\":\"ADOOR\",\"district\":\"ADOOR\",\"state\":\"KERALA\"},{\"name\":\"DHANALAKSHMI BANK\",\"ifsc\":\"DLXB0000167\",\"micr\":\"500048003\",\"branch\":\"BANJARA HILLS\",\"address\":\"TREND TOWERS, GR FLOOR 8-2-289/10, ROAD NO.2 , BANJARA HILLS, HYDERABAD, ANDHRA PRADESH\",\"contact\":\"4548776\",\"city\":\"HYDERABAD\",\"district\":\"HYDERABAD\",\"state\":\"ANDHRA PRADESH\"},{\"name\":\"DHANALAKSHMI BANK\",\"ifsc\":\"DLXB0000168\",\"micr\":\"500048004\",\"branch\":\"KUKATPALLY\",\"address\":\"686, VIVEKANANDA NAGAR COLONY, KUKATPALLY, HYDERABAD ANDHRA PRADESH\",\"contact\":\"3066221\",\"city\":\"HYDERABAD\",\"district\":\"HYDERABAD\",\"state\":\"ANDHRA PRADESH\"},{\"name\":\"DHANALAKSHMI BANK\",\"ifsc\":\"DLXB0000169\",\"micr\":\"400048005\",\"branch\":\"SION\",\"address\":\"THIRUMALAI HOUSE ,GROUND FLOOR, ROAD NO.29, NEAR SION HILL FORT SION (E), MUMABI.\",\"contact\":\"24018006\",\"city\":\"MUMBAI\",\"district\":\"MUMBAI\",\"state\":\"MAHARASHTRA\"},{\"name\":\"DHANALAKSHMI BANK\",\"ifsc\":\"DLXB0000170\",\"micr\":\"110048003\",\"branch\":\"KAROL BAGH\",\"address\":\"16/15, W.E.A., J.S.PLAZA , ARYA SAMAJ ROAD, KAROL BAGH, NEW DELHI\",\"contact\":\"64691036\",\"city\":\"DELHI\",\"district\":\"DELHI\",\"state\":\"DELHI\"},{\"name\":\"DHANALAKSHMI BANK\",\"ifsc\":\"DLXB0000171\",\"micr\":\"520048102\",\"branch\":\"GUNTUR\",\"address\":\"P S COMPLEX,D.NO;4-12-40 NAIDUPET,1ST LANE, KORETIPADU MAIN ROD, GUNTUR, ANDHRA PRADESH\",\"contact\":\"6450287\",\"city\":\"GUNTUR\",\"district\":\"GUNTUR\",\"state\":\"ANDHRA PRADESH\"},{\"name\":\"DHANALAKSHMI BANK\",\"ifsc\":\"DLXB0000172\",\"micr\":\"560048006\",\"branch\":\"BGL-M G ROAD\",\"address\":\"1A,NITISH BROADWAY, M G ROAD , BANGALORE\",\"contact\":\"64548695\",\"city\":\"BANGALORE\",\"district\":\"BANGALORE\",\"state\":\"KARNATAKA\"},{\"name\":\"DHANALAKSHMI BANK\",\"ifsc\":\"DLXB0000173\",\"micr\":\"530048001\",\"branch\":\"VISAKHAPATNAM\",\"address\":\"VIP ROAD, CBM COMPOUND VISAKHAPATNAM ANDHRA PRADESH - 530 003\",\"contact\":\"2540012\",\"city\":\"VISAKHAPATNAM\",\"district\":\"VISAKHAPATNAM\",\"state\":\"ANDHRA PRADESH\"},{\"name\":\"DHANALAKSHMI BANK\",\"ifsc\":\"DLXB0000174\",\"micr\":\"400048006\",\"branch\":\"MUMBAI-VASHI\",\"address\":\"PLOT NO.1 C, NISHANT MILLENNIUM , SECTOR 28, VASHI NAVI, MUMBAI-400703.\",\"contact\":\"27880360\",\"city\":\"NEW BOMBAY\",\"district\":\"NEW BOMBAY\",\"state\":\"MAHARASHTRA\"},{\"name\":\"DHANALAKSHMI BANK\",\"ifsc\":\"DLXB0000175\",\"micr\":\"517048002\",\"branch\":\"TIRUPATI\",\"address\":\"PLOT NO.3, TUDA LAY OUT RC ROAD, TIRUPATI ANDHRA PREDESH\",\"contact\":\"2245522\",\"city\":\"TIRUPATI\",\"district\":\"TIRUPATI\",\"state\":\"ANDHRA PRADESH\"},{\"name\":\"DHANALAKSHMI BANK\",\"ifsc\":\"DLXB0000176\",\"micr\":\"524048002\",\"branch\":\"NELLORE\",\"address\":\"15/345,BRINDAVANAM BEHIND VIJAYA DAIRY NELLORE ANDHRA PRADESH\",\"contact\":\"6451630\",\"city\":\"NELLORE\",\"district\":\"NELLORE\",\"state\":\"ANDHRA PRADESH\"},{\"name\":\"DHANALAKSHMI BANK\",\"ifsc\":\"DLXB0000177\",\"micr\":\"110048004\",\"branch\":\"LAJPAT NAGAR,NEW DELHI\",\"address\":\"A II/44,LAJPAT NAGAR II, LAJPAT NAGAR , NEW DELHI.\",\"contact\":\"64500242\",\"city\":\"DELHI\",\"district\":\"DELHI\",\"state\":\"DELHI\"},{\"name\":\"DHANALAKSHMI BANK\",\"ifsc\":\"DLXB0000178\",\"micr\":\"600048007\",\"branch\":\"ASHOK NAGAR,CHENNAI\",\"address\":\"SRI GOWTHAM\\\"\\\" NEW NO.5,OLD NO.3 1ST AVENUE, ASHOK NAGAR, CHENNAI\",\"contact\":\"64547921\",\"city\":\"CHENNAI\",\"district\":\"CHENNAI\",\"state\":\"TAMIL NADU\"},{\"name\":\"DHANALAKSHMI BANK\",\"ifsc\":\"DLXB0000179\",\"micr\":\"534048002\",\"branch\":\"ELURU\",\"address\":\"23A-3-28, DR.G S PRASAD HOSPITAL COMPLEX GOSAMRAKSHANA SAMITHI RD ELURU\",\"contact\":\"2223433\",\"city\":\"ELURU\",\"district\":\"ELURU\",\"state\":\"ANDHRA PRADESH\"},{\"name\":\"DHANALAKSHMI BANK\",\"ifsc\":\"DLXB0000180\",\"micr\":\"520048002\",\"branch\":\"VIJAYAWADA RING ROAD\",\"address\":\"59-14-8, SILPA ARCADE RAMACHANDRA NAGAR RING ROAD VIJAYAWADA\",\"contact\":\"6457335\",\"city\":\"VIJAYAWADA\",\"district\":\"VIJAYAWADA\",\"state\":\"ANDHRA PRADESH\"},{\"name\":\"DHANALAKSHMI BANK\",\"ifsc\":\"DLXB0000181\",\"micr\":\"676048152\",\"branch\":\"MALAPPURAM\",\"address\":\"1ST FLOOR,BAVA, ARCADE DOWN HILL MALAPPURAM\",\"contact\":\"6450419\",\"city\":\"MALAPPURAM\",\"district\":\"MALAPPURAM\",\"state\":\"KERALA\"},{\"name\":\"DHANALAKSHMI BANK\",\"ifsc\":\"DLXB0000182\",\"micr\":\"533048002\",\"branch\":\"KAKINADA\",\"address\":\"NO.26-1-12,TEMPLE STREET KAKINADA EAST GODAVARI DIST, ANDHRA PRADESH\",\"contact\":\"6451764\",\"city\":\"KAKINADA\",\"district\":\"KAKINADA\",\"state\":\"ANDHRA PRADESH\"},{\"name\":\"DHANALAKSHMI BANK\",\"ifsc\":\"DLXB0000183\",\"micr\":\"503048002\",\"branch\":\"NIZAMABAD\",\"address\":\"11-1-1623/2 3,SINGIDI COM PLEX,OPP.INDUR TRADERS, KANTESHWAR,ARMOOR ROAD, NIZAMABAD\",\"contact\":\"2644960\",\"city\":\"NIZAMABAD\",\"district\":\"NIZAMABAD\",\"state\":\"ANDHRA PRADESH\"},{\"name\":\"DHANALAKSHMI BANK\",\"ifsc\":\"DLXB0000184\",\"micr\":\"690048052\",\"branch\":\"KARUNAGAPALLY\",\"address\":\"ANNEXE EXCLLENCY BUILDING KARUNAGAPALLY, KOLLAM\",\"contact\":\"6451035\",\"city\":\"KARUNAGAPALLY\",\"district\":\"KARUNAGAPALLY\",\"state\":\"KERALA\"},{\"name\":\"DHANALAKSHMI BANK\",\"ifsc\":\"DLXB0000185\",\"micr\":\"507048001\",\"branch\":\"KHAMMAM\",\"address\":\"6-1-50, OPP.DWACRA BAZAR, WYRA ROAD, KHAMMAM, A.P.\",\"contact\":\"2644919\",\"city\":\"KHAMMAM\",\"district\":\"KHAMMAM\",\"state\":\"ANDHRA PRADESH\"},{\"name\":\"DHANALAKSHMI BANK\",\"ifsc\":\"DLXB0000186\",\"micr\":\"700048004\",\"branch\":\"SALT LAKE CITY\",\"address\":\"PLOT NO. 88, BLOCK BE, SECTOR - 1, SALT LAKE CITY, KOLKATA - 700 064.\",\"contact\":\"64990588\",\"city\":\"KOLKATA\",\"district\":\"KOLKATA\",\"state\":\"WEST BENGAL\"},{\"name\":\"DHANALAKSHMI BANK\",\"ifsc\":\"DLXB0000187\",\"micr\":\"700048005\",\"branch\":\"HOWRAH\",\"address\":\"23/2, B C, HARINIKETAN, MAULANA ABDUL KALAM AZAD ROAD, (DOBSON ROAD), HOWRAH, WEST BENGAL - 711 101.\",\"contact\":\"768033\",\"city\":\"HOWRAH\",\"district\":\"HOWRAH\",\"state\":\"WEST BENGAL\"},{\"name\":\"DHANALAKSHMI BANK\",\"ifsc\":\"DLXB0000188\",\"micr\":\"500048005\",\"branch\":\"SANJEEVA REDDY NAGAR\",\"address\":\"GROUND FLOOR, SAI SUSHMA HOMES, 23 / A, SANJEEVA REDDY NAGAR, HYDERABAD - 500 138.\",\"contact\":\"4636991\",\"city\":\"HYDERABAD\",\"district\":\"HYDERABAD\",\"state\":\"ANDHRA PRADESH\"},{\"name\":\"DHANALAKSHMI BANK\",\"ifsc\":\"DLXB0000189\",\"micr\":\"560048007\",\"branch\":\"JAYANAGAR\",\"address\":\"NEW NO. 52 (OLD NO. 745), 33RD CROSS ROAD, 4TH BLOCK, JAYANAGAR, BANGALORE - 560 011.\",\"contact\":\"3603260\",\"city\":\"BANGALORE\",\"district\":\"BANGALORE\",\"state\":\"KARNATAKA\"},{\"name\":\"DHANALAKSHMI BANK\",\"ifsc\":\"DLXB0000190\",\"micr\":\"110048005\",\"branch\":\"JANAKPURI\",\"address\":\"B-3/174, GROUND FLOOR, JANAKPURI, NEW DELHI - 110 058.\",\"contact\":\"64644337\",\"city\":\"DELHI\",\"district\":\"DELHI\",\"state\":\"DELHI\"},{\"name\":\"DHANALAKSHMI BANK\",\"ifsc\":\"DLXB0000191\",\"micr\":\"110048006\",\"branch\":\"GAZIABAD\",\"address\":\"GROUND FLOOR BASEMENT, R 2/240, RAJNAGAR, GHAZIABAD, UTTAR PRADESH - 201 002.\",\"contact\":\"6492804\",\"city\":\"GHAZIABAD\",\"district\":\"GHAZIABAD\",\"state\":\"UTTAR PRADESH\"},{\"name\":\"DHANALAKSHMI BANK\",\"ifsc\":\"DLXB0000192\",\"micr\":\"110048007\",\"branch\":\"GREATER KAILASH\",\"address\":\"M-72, M BLOCK MARKET, GREATER KAILASH - II, NEW DELHI-110048.\",\"contact\":\"64610866\",\"city\":\"DELHI\",\"district\":\"DELHI\",\"state\":\"DELHI\"},{\"name\":\"DHANALAKSHMI BANK\",\"ifsc\":\"DLXB0000193\",\"micr\":\"110048009\",\"branch\":\"NEHRU PLACE\",\"address\":\"UPPER GROUND FLOOR, SKYLARK BUILDING, 60, NEHRU PLACE, NEW DELHI - 110 019.\",\"contact\":\"65458371\",\"city\":\"DELHI\",\"district\":\"DELHI\",\"state\":\"DELHI\"},{\"name\":\"DHANALAKSHMI BANK\",\"ifsc\":\"DLXB0000194\",\"micr\":\"110048008\",\"branch\":\"ROHINI\",\"address\":\"GROUND FLOOR BASEMENT, PLOT NO. 4, POCKET A-1, SECTOR 8, ROHINI, DELHI - 110 085.\",\"contact\":\"65458170\",\"city\":\"DELHI\",\"district\":\"DELHI\",\"state\":\"DELHI\"},{\"name\":\"DHANALAKSHMI BANK\",\"ifsc\":\"DLXB0000195\",\"micr\":\"110048010\",\"branch\":\"GURGAON\",\"address\":\"GROUND FLOOR, SCO 17, SECTOR 14, GURGAON, HARYANA - 122 001.\",\"contact\":\"6462186\",\"city\":\"GURGAON\",\"district\":\"GURGAON\",\"state\":\"HARYANA\"},{\"name\":\"DHANALAKSHMI BANK\",\"ifsc\":\"DLXB0000196\",\"micr\":\"110048011\",\"branch\":\"FARIDABAD\",\"address\":\"GROUND FLOOR BASEMENT, CROWN PLAZA, SHOP NO. 2D/10B, 1 2 CHOWK, OPP. GHAZAL RESTAURANT, NIT, FARIDABAD, HARAYANA - 121 001.\",\"contact\":\"6462085\",\"city\":\"FARIDABAD\",\"district\":\"FARIDABAD\",\"state\":\"HARYANA\"},{\"name\":\"DHANALAKSHMI BANK\",\"ifsc\":\"DLXB0000197\",\"micr\":\"110048012\",\"branch\":\"NOIDA\",\"address\":\"GROUND FLOOR, K -23 24, SECTOR - 18, NOIDA, UTTAR PRADESH 201301.\",\"contact\":\"6590310\",\"city\":\"NOIDA\",\"district\":\"NOIDA\",\"state\":\"UTTAR PRADESH\"},{\"name\":\"DHANALAKSHMI BANK\",\"ifsc\":\"DLXB0000198\",\"micr\":\"400048007\",\"branch\":\"ULHAS NAGAR\",\"address\":\"GROUND FLOOR MEZZANINE FLOOR, KOMAL PARK BLDG, GOLE MAIDAN, ULHASNAGAR, MUMBAI, MAHARASHTRA - 421 001\",\"contact\":\"2232813\",\"city\":\"ULHASNAGAR\",\"district\":\"ULHASNAGAR\",\"state\":\"MAHARASHTRA\"},{\"name\":\"DHANALAKSHMI BANK\",\"ifsc\":\"DLXB0000199\",\"micr\":\"400048008\",\"branch\":\"GOREGOAN\",\"address\":\"RISAB MANSION, PLOT NO. 3, JAWAHAR NAGAR, S.V. ROAD, GOREGAON (W), MUMBAI - 400 069.\",\"contact\":\"65991863\",\"city\":\"MUMBAI\",\"district\":\"MUMBAI\",\"state\":\"MAHARASHTRA\"},{\"name\":\"DHANALAKSHMI BANK\",\"ifsc\":\"DLXB0000200\",\"micr\":\"400048009\",\"branch\":\"CBD BELAPUR\",\"address\":\"GROUND FLOOR, WARDEN HOUSE, PLOT NO. 65, SECTOR 11, CBD BELAPUR, NAVI MUMBAI, MAHARASHTRA - 400 614.\",\"contact\":\"65991873\",\"city\":\"MUMBAI\",\"district\":\"MUMBAI\",\"state\":\"MAHARASHTRA\"},{\"name\":\"DHANALAKSHMI BANK\",\"ifsc\":\"DLXB0000201\",\"micr\":\"400048010\",\"branch\":\"BORIVLI\",\"address\":\"GROUND FLOOR, SHOP NO. 2, 3 4, KAPOOR APARTMENT, CHANDAVARKAR ROAD, BORIVLI (WEST), MUMBAI, MAHARASHTRA - 400 092.\",\"contact\":\"65991881\",\"city\":\"MUMBAI\",\"district\":\"MUMBAI\",\"state\":\"MAHARASHTRA\"},{\"name\":\"DHANALAKSHMI BANK\",\"ifsc\":\"DLXB0000202\",\"micr\":\"624048001\",\"branch\":\"PALANI\",\"address\":\"GROUND FLOOR, ANGURAJ COMPLEX, NO. 41, NEW DHARAMPURAM ROAD, PALANI, TAMIL NADU - 624 601.\",\"contact\":\"9244901061\",\"city\":\"PALANI\",\"district\":\"PALANI\",\"state\":\"TAMIL NADU\"},{\"name\":\"DHANALAKSHMI BANK\",\"ifsc\":\"DLXB0000203\",\"micr\":\"600048008\",\"branch\":\"KANCHEEPURAM\",\"address\":\"GROUND FLOOR, VAISHNAVI PLAZA, 17 18, WEST RAJA STREET, KANCHEEPURAM, TAMIL NADU - 631 502.\",\"contact\":\"67271578\",\"city\":\"KANCHIPURAM\",\"district\":\"KANCHIPURAM\",\"state\":\"TAMIL NADU\"},{\"name\":\"DHANALAKSHMI BANK\",\"ifsc\":\"DLXB0000204\",\"micr\":\"695048007\",\"branch\":\"DHANUVACHAPURAM\",\"address\":\"GROUND FLOOR, MORIAH COMPLEX, UDIYANKULANGARA JUNCTION, AMRAVAVILA P.O. DHANUVACHAPURAM, TRIVANDRUM, KERALA - 695 122\",\"contact\":\"6455628\",\"city\":\"DHANUVACHAPURAM\",\"district\":\"DHANUVACHAPURAM\",\"state\":\"KERALA\"},{\"name\":\"DHANALAKSHMI BANK\",\"ifsc\":\"DLXB0000205\",\"micr\":\"691048152\",\"branch\":\"PUNALUR\",\"address\":\"GROUND FLOOR, UNION BUILDING, ANCHAL ROAD, PUNALUR, KERALA - 691 305\",\"contact\":\"9287215999\",\"city\":\"PUNALUR\",\"district\":\"PUNALUR\",\"state\":\"KERALA\"},{\"name\":\"DHANALAKSHMI BANK\",\"ifsc\":\"DLXB0000206\",\"micr\":\"700048006\",\"branch\":\"BRABOURNE ROAD\",\"address\":\"15 PORTUGUESE CHURCH STREET, SHAHEED NITYANAND SAHA SARANI, KOLKATA - 700 001.\",\"contact\":\"64570047\",\"city\":\"KOLKATA\",\"district\":\"KOLKATA\",\"state\":\"WEST BENGAL\"},{\"name\":\"DHANALAKSHMI BANK\",\"ifsc\":\"DLXB0000207\",\"micr\":\"400048014\",\"branch\":\"MIRA BHAYANDAR\",\"address\":\"GROUND FLOOR, JANAKI HERITAGE, OPP. MAXUS MALL, 150 FT. ROAD, BHAYANDER (WEST), DIST. THANE, MAHARASHTRA - 401 101.\",\"contact\":\"65991877\",\"city\":\"MIRA-BHAYANDAR\",\"district\":\"MIRA-BHAYANDAR\",\"state\":\"MAHARASHTRA\"},{\"name\":\"DHANALAKSHMI BANK\",\"ifsc\":\"DLXB0000208\",\"micr\":\"400048016\",\"branch\":\"NALLASOPARA\",\"address\":\"GROUND FLOOR, SHOP NO. 9 TO 16, OLIVE BUILDING, JIVDANI BUILDERS DEVELOPERS, PATNKAR WADI, NALLA SOPARA (WEST) 401 203\",\"contact\":\"6453376\",\"city\":\"NALLASOPARA\",\"district\":\"NALLASOPARA\",\"state\":\"MAHARASHTRA\"},{\"name\":\"DHANALAKSHMI BANK\",\"ifsc\":\"DLXB0000209\",\"micr\":\"400048012\",\"branch\":\"DOMBIVLI\",\"address\":\"GROUND FLOOR, MIRAGE ARCADE, OPP GANESH TEMPLE, NEHRU ROAD, DOMBIVALI (EAST), MUMBAI, MAHARASHTRA - 421201.\",\"contact\":\"2470033\",\"city\":\"DOMBIVLI\",\"district\":\"DOMBIVLI\",\"state\":\"MAHARASHTRA\"},{\"name\":\"DHANALAKSHMI BANK\",\"ifsc\":\"DLXB0000210\",\"micr\":\"400048013\",\"branch\":\"BHIWANDI\",\"address\":\"GROUND FLOOR, DHAMANKAR PSD PLAZA, DHAMANKAR NAKA, AGRA ROAD, BHIWANDI, THANE DISTRICT, MUMBAI, MAHARASHTRA - 421 302\",\"contact\":\"2251002\",\"city\":\"BHIWANDI\",\"district\":\"BHIWANDI\",\"state\":\"MAHARASHTRA\"},{\"name\":\"DHANALAKSHMI BANK\",\"ifsc\":\"DLXB0000211\",\"micr\":\"400048015\",\"branch\":\"AMBERNATH\",\"address\":\"1ST FLOOR GROUND FLOOR, LAXMI SAGAR APT, PLOT NO.3-C, SHIV MANDIR ROAD, SWAMI SAMARTH CHOWK, AMBERNATH (EAST), DIST THANE, MAHARASHTRA - 421501\",\"contact\":\"6543263\",\"city\":\"THANE\",\"district\":\"THANE\",\"state\":\"MAHARASHTRA\"},{\"name\":\"DHANALAKSHMI BANK\",\"ifsc\":\"DLXB0000212\",\"micr\":\"400048011\",\"branch\":\"MUMBAI CENTRAL\",\"address\":\"GROUND 1ST FLOOR,SHOP NO.12-13-14,OFFICE NO.104,105,106,NAVJIVAN COMMERCIAL PREMISES CO-OP.SOC.LTD, MUMBAI CENTRAL,MUMBAI, MAHARASHTRA -400 008\",\"contact\":\"64557852\",\"city\":\"MUMBAI\",\"district\":\"MUMBAI\",\"state\":\"MAHARASHTRA\"},{\"name\":\"DHANALAKSHMI BANK\",\"ifsc\":\"DLXB0000213\",\"micr\":\"390048002\",\"branch\":\"VADODARA\",\"address\":\"SHINE PLAZA, OPP. PASABHAI PARK, NEAR NATUBHAI CIRCLE, RACE COURSE ROAD, VADODARA, GUJARAT - 390 007\",\"contact\":\"6450362\",\"city\":\"VADODARA\",\"district\":\"VADODARA\",\"state\":\"GUJARAT\"},{\"name\":\"DHANALAKSHMI BANK\",\"ifsc\":\"DLXB0000214\",\"micr\":\"516048642\",\"branch\":\"RAJAMPET\",\"address\":\"1ST FLOOR, 6/1015, RAILWAY STATION ROAD, RAJAMPET, KADAPA DIST, ANDHRA PRADESH  516 115\",\"contact\":\"9247015103\",\"city\":\"RAJAMPET\",\"district\":\"RAJAMPET\",\"state\":\"ANDHRA PRADESH\"},{\"name\":\"DHANALAKSHMI BANK\",\"ifsc\":\"DLXB0000215\",\"micr\":\"394048051\",\"branch\":\"BARDOLI\",\"address\":\"GROUND FLOOR, SHRI RANG PLAZA, SARDAR CHOWK, NEAR POLICE STATION, BARDOLI, GUJARAT - 394 601\",\"contact\":\"2650232\",\"city\":\"BARDOLI\",\"district\":\"BARDOLI\",\"state\":\"GUJARAT\"},{\"name\":\"DHANALAKSHMI BANK\",\"ifsc\":\"DLXB0000216\",\"micr\":\"226048002\",\"branch\":\"LUCKNOW\",\"address\":\"GROUND FLOOR BASEMENT, HALWASIYA HOUSE NO. 11, M.G. ROAD, HAZRATGANJ, LUCKNOW, UTTAR PRADESH - 226 001\",\"contact\":\"6569040\",\"city\":\"LUCKNOW\",\"district\":\"LUCKNOW\",\"state\":\"UTTAR PRADESH\"},{\"name\":\"DHANALAKSHMI BANK\",\"ifsc\":\"DLXB0000217\",\"micr\":\"636048003\",\"branch\":\"NAMAKKAL\",\"address\":\"GROUND FLOOR, RANGA PLAZA, PARAMATHY ROAD, NAMAKKAL\",\"contact\":\"6644117\",\"city\":\"NAMAKKAL\",\"district\":\"NAMAKKAL\",\"state\":\"TAMIL NADU\"},{\"name\":\"DHANALAKSHMI BANK\",\"ifsc\":\"DLXB0000218\",\"micr\":\"302048002\",\"branch\":\"JAIPUR\",\"address\":\"G - 3/4/5/6/7, ROYAL WORLD, OPP. CITY CENTRE, SANSAR CHAND ROAD, JAIPUR, RAJASTHAN - 302 001.\",\"contact\":\"6501791\",\"city\":\"JAIPUR\",\"district\":\"JAIPUR\",\"state\":\"RAJASTHAN\"},{\"name\":\"DHANALAKSHMI BANK\",\"ifsc\":\"DLXB0000219\",\"micr\":\"160048002\",\"branch\":\"CHANDIGARH\",\"address\":\"GROUND FLOOR, RAI BUILDING, SECTOR - 17, NEAR K C CINEMA, CHANDIGARH - 160 017.\",\"contact\":\"6538924\",\"city\":\"CHANDIGARH\",\"district\":\"CHANDIGARH\",\"state\":\"PUNJAB\"},{\"name\":\"DHANALAKSHMI BANK\",\"ifsc\":\"DLXB0000220\",\"micr\":\"144048002\",\"branch\":\"JALANDHAR\",\"address\":\"GROUND FLOOR, 465 - A, NEW JAWAHAR NAGAR, JALANDHAR, PUNJAB - 144 021.\",\"contact\":\"6450562\",\"city\":\"JALANDHAR\",\"district\":\"JALANDHAR\",\"state\":\"PUNJAB\"},{\"name\":\"DHANALAKSHMI BANK\",\"ifsc\":\"DLXB0000221\",\"micr\":\"227048002\",\"branch\":\"JAGDISHPUR\",\"address\":\"NEW BUILDING, GROUND FLOOR, SHANTI MARKET, GT ROAD, JAGDISHPUR - 227809\",\"contact\":\"5409029\",\"city\":\"JAGDISHPUR\",\"district\":\"JAGDISHPUR\",\"state\":\"UTTAR PRADESH\"},{\"name\":\"DHANALAKSHMI BANK\",\"ifsc\":\"DLXB0000222\",\"micr\":\"221048002\",\"branch\":\"VARANASI\",\"address\":\"GROUND FLOOR, SHAKTI SIKHA COMPLEX, SIGRA, VARANASI, UTTAR PRADESH - 221 010\",\"contact\":\"6452494\",\"city\":\"VARANASI\",\"district\":\"VARANASI\",\"state\":\"UTTAR PRADESH\"},{\"name\":\"DHANALAKSHMI BANK\",\"ifsc\":\"DLXB0000223\",\"micr\":\"570048002\",\"branch\":\"MYSORE\",\"address\":\"GROUND FLOOR, DOOR NO. 14, 4TH MAIN, 8TH CROSS, KAMAKSHI HOSPITAL ROAD, SARSWATHIPURAM, MYSORE, KARNATAKA - 570 009.\",\"contact\":\"6450493\",\"city\":\"MYSORE\",\"district\":\"MYSORE\",\"state\":\"KARNATAKA\"},{\"name\":\"DHANALAKSHMI BANK\",\"ifsc\":\"DLXB0000224\",\"micr\":\"385048001\",\"branch\":\"PALANPUR\",\"address\":\"PALANPUR\",\"contact\":\"2645809\",\"city\":\"PALANPUR\",\"district\":\"PALANPUR\",\"state\":\"KERALA\"},{\"name\":\"DHANALAKSHMI BANK\",\"ifsc\":\"DLXB0000225\",\"micr\":\"515048602\",\"branch\":\"PUTTAPARTI\",\"address\":\"GROUND FLOOR, SHOP NO. 102, SREE GURU TOWERS, OLD NO. 3-632, GOPURAM ROAD, ANANTPUR DIST, PUTTAPARTHI - 515 134, ANDHRA PRADESH.\",\"contact\":\"5286192\",\"city\":\"PUTTAPARTHI\",\"district\":\"PUTTAPARTHI\",\"state\":\"ANDHRA PRADESH\"},{\"name\":\"DHANALAKSHMI BANK\",\"ifsc\":\"DLXB0000226\",\"micr\":\"462048002\",\"branch\":\"BHOPAL\",\"address\":\"GROUND FLOOR, VNV PLAZA, PLOT NO. 6, ZONE - II, MAHARANA PRATAP NAGAR, BHOPAL, MADHYA PRADESH - 462 001.\",\"contact\":\"2555019\",\"city\":\"BHOPAL\",\"district\":\"BHOPAL\",\"state\":\"MADHYA PRADESH\"},{\"name\":\"DHANALAKSHMI BANK\",\"ifsc\":\"DLXB0000227\",\"micr\":\"713048202\",\"branch\":\"DURGAPUR\",\"address\":\"FIRST FLOOR, GALAZEE SHAHID KHUDIRAM SARANI, CITY CENTER, DURGAPUR, WEST BENGAL - 713 216.\",\"contact\":\"6450522\",\"city\":\"DURGAPUR\",\"district\":\"DURGAPUR\",\"state\":\"WEST BENGAL\"},{\"name\":\"DHANALAKSHMI BANK\",\"ifsc\":\"DLXB0000228\",\"micr\":\"560048008\",\"branch\":\"YELAHANKA\",\"address\":\"GROUND FLOOR, DOOR NO. 1143, MIG, 16TH \\\"\\\"B\\\"\\\" MAIN ROAD, YELAHANKA NEW TOWN, BANGALORE, KARNATAKA - 560 064.\",\"contact\":\"64531843\",\"city\":\"YELAHANKA\",\"district\":\"YELAHANKA\",\"state\":\"KARNATAKA\"},{\"name\":\"DHANALAKSHMI BANK\",\"ifsc\":\"DLXB0000229\",\"micr\":\"400048017\",\"branch\":\"MULUND\",\"address\":\"A-WING, RAJYOG RESIDENCY, DR.RAJENDRA PRASAD ROAD, OPP. VARDHAMAN NAGAR, MULUND (WEST), MUMBAI, MAHARASHTRA - 400 080\",\"contact\":\"64531653\",\"city\":\"MUMBAI\",\"district\":\"MUMBAI\",\"state\":\"MAHARASHTRA\"},{\"name\":\"DHANALAKSHMI BANK\",\"ifsc\":\"DLXB0000230\",\"micr\":\"400048018\",\"branch\":\"BANDRA\",\"address\":\"GROUND FLOOR, GRAND BELLEVISTA, OPP.BANDRA TALAO, S.V.ROAD, BANDRA (WEST), MUMBAI-400050.\",\"contact\":\"64509908\",\"city\":\"BHANDARA\",\"district\":\"BHANDARA\",\"state\":\"MAHARASHTRA\"},{\"name\":\"DHANALAKSHMI BANK\",\"ifsc\":\"DLXB0000231\",\"micr\":\"411048002\",\"branch\":\"PUNE\",\"address\":\"PUNE\",\"contact\":\"4500220\",\"city\":\"PUNE\",\"district\":\"PUNE\",\"state\":\"MAHARASHTRA\"},{\"name\":\"DHANALAKSHMI BANK\",\"ifsc\":\"DLXB0000232\",\"micr\":\"232048002\",\"branch\":\"RAMESWARAM\",\"address\":\"GROUND FLOOR, 18/71, OLD POLICE LANE STREET, VEERABADRASWAMY KOIL/STREET, RAMESWARAM, RAMANATHAPURAM DISTRICT, TAMIL NADU - 623 526\",\"contact\":\"3221033\",\"city\":\"RAMESWARAM\",\"district\":\"RAMESWARAM\",\"state\":\"TAMIL NADU\"},{\"name\":\"DHANALAKSHMI BANK\",\"ifsc\":\"DLXB0000233\",\"micr\":\"671048801\",\"branch\":\"UDMA\",\"address\":\"GROUND FLOOR, NEW BUILDING, NEAR RAILWAY GATE, MAIN ROAD, UDMA, KASARGODE DISTRICT, KERALA - 671 319\",\"contact\":\"265320\",\"city\":\"UDMA\",\"district\":\"UDMA\",\"state\":\"KERALA\"},{\"name\":\"DHANALAKSHMI BANK\",\"ifsc\":\"DLXB0000234\",\"micr\":\"400048019\",\"branch\":\"GHATKOPAR\",\"address\":\"MUMBAI\",\"contact\":\"65409017\",\"city\":\"MUMBAI\",\"district\":\"MUMBAI\",\"state\":\"MAHARASHTRA\"},{\"name\":\"DHANALAKSHMI BANK\",\"ifsc\":\"DLXB0000235\",\"micr\":\"608048002\",\"branch\":\"CHIDAMBARAM\",\"address\":\"CHIDAMBARAM\",\"contact\":\"4651912\",\"city\":\"CHIDAMBARAM\",\"district\":\"CHIDAMBARAM\",\"state\":\"TAMIL NADU\"},{\"name\":\"DHANALAKSHMI BANK\",\"ifsc\":\"DLXB0000236\",\"micr\":\"362048051\",\"branch\":\"VERAVAL\",\"address\":\"GUJARAT\",\"contact\":\"6242301\",\"city\":\"VIRAVAL\",\"district\":\"VIRAVAL\",\"state\":\"GUJARAT\"},{\"name\":\"DHANALAKSHMI BANK\",\"ifsc\":\"DLXB0000237\",\"micr\":\"676048052\",\"branch\":\"MANJERI\",\"address\":\"GROUND FLOOR, KORAMBAYIL COPERATE MALL, CENTRAL BAZAR, CALICUT ROAD, MANJERI, MALAPPURAM DISTRICT, KERALA - 676 121\",\"contact\":\"9287276847\",\"city\":\"MANJERI\",\"district\":\"MANJERI\",\"state\":\"KERALA\"},{\"name\":\"DHANALAKSHMI BANK\",\"ifsc\":\"DLXB0000238\",\"micr\":\"670048003\",\"branch\":\"KATTAMPALLY\",\"address\":\"UPPER GROUND, CENTER PLAZA, KATTAMPALLY ROAD, PUTHIYATHERU, KANNUR, KERALA - 670 011\",\"contact\":\"450608\",\"city\":\"KATTAMPALLY\",\"district\":\"KATTAMPALLY\",\"state\":\"KERALA\"},{\"name\":\"DHANALAKSHMI BANK\",\"ifsc\":\"DLXB0000239\",\"micr\":\"671048802\",\"branch\":\"KAYYUR\",\"address\":\"THRISSUR\",\"contact\":\"2250666\",\"city\":\"THRISSUR\",\"district\":\"THRISSUR\",\"state\":\"KERALA\"},{\"name\":\"DHANALAKSHMI BANK\",\"ifsc\":\"DLXB0000240\",\"micr\":\"682048016\",\"branch\":\"THRIKKAKARA\",\"address\":\"THRIKKAKARA\",\"contact\":\"6450772\",\"city\":\"THRIKKAKARA\",\"district\":\"THRIKKAKARA\",\"state\":\"KERALA\"},{\"name\":\"DHANALAKSHMI BANK\",\"ifsc\":\"DLXB0000241\",\"micr\":\"673048302\",\"branch\":\"VADAKARA\",\"address\":\"VADAKARA\",\"contact\":\"6451169\",\"city\":\"VADAKARA\",\"district\":\"VADAKARA\",\"state\":\"KERALA\"},{\"name\":\"DHANALAKSHMI BANK\",\"ifsc\":\"DLXB0000242\",\"micr\":\"671048052\",\"branch\":\"KANHANGAD\",\"address\":\"KANHANGAD\",\"contact\":\"2200911\",\"city\":\"KANHANGAD\",\"district\":\"KANHANGAD\",\"state\":\"KERALA\"},{\"name\":\"DHANALAKSHMI BANK\",\"ifsc\":\"DLXB0000243\",\"micr\":\"110048013\",\"branch\":\"PUNJABI BAGH\",\"address\":\"PUNJABI BAGH\",\"contact\":\"65101115\",\"city\":\"NEW DELHI\",\"district\":\"NEW DELHI\",\"state\":\"DELHI\"},{\"name\":\"DHANALAKSHMI BANK\",\"ifsc\":\"DLXB0000244\",\"micr\":\"683048052\",\"branch\":\"KURUPPAMPADY\",\"address\":\"KURUPPAMPADY\",\"contact\":\"2593428\",\"city\":\"KURUPPAMPADY\",\"district\":\"KURUPPAMPADY\",\"state\":\"KERALA\"},{\"name\":\"DHANALAKSHMI BANK\",\"ifsc\":\"DLXB0000245\",\"micr\":\"NA\",\"branch\":\"CPC HYDERABAD\",\"address\":\"CPC HYDERABAD\",\"contact\":\"4500796\",\"city\":\"HYDERABAD\",\"district\":\"HYDERABAD\",\"state\":\"ANDHRA PRADESH\"},{\"name\":\"DHANALAKSHMI BANK\",\"ifsc\":\"DLXB0000246\",\"micr\":\"403048002\",\"branch\":\"PANAJI\",\"address\":\"PANAJI\",\"contact\":\"6451033\",\"city\":\"GOA\",\"district\":\"PANAJI\",\"state\":\"GOA\"},{\"name\":\"DHANALAKSHMI BANK\",\"ifsc\":\"DLXB0000247\",\"micr\":\"400048022\",\"branch\":\"ANDHERI BRANCH\",\"address\":\"MUMBAI\",\"contact\":\"64500501\",\"city\":\"MUMBAI\",\"district\":\"MUMBAI\",\"state\":\"MAHARASHTRA\"},{\"name\":\"DHANALAKSHMI BANK\",\"ifsc\":\"DLXB0000248\",\"micr\":\"400048023\",\"branch\":\"PRABHADEVI\",\"address\":\"GROUND FLOOR & BASEMENT, WEST VIEW CO-OP HOUSING SOCIETYLTD, 485 VEER SAVARKAR MARG, PRABHADEVI MUMBAI -400025\",\"contact\":\"64500502\",\"city\":\"MUMBAI\",\"district\":\"MUMBAI\",\"state\":\"MAHARASHTRA\"},{\"name\":\"DHANALAKSHMI BANK\",\"ifsc\":\"DLXB0000249\",\"micr\":\"400048020\",\"branch\":\"VASAI\",\"address\":\"THANE\",\"contact\":\"2330486\",\"city\":\"THANE\",\"district\":\"THANE\",\"state\":\"MAHARASHTRA\"},{\"name\":\"DHANALAKSHMI BANK\",\"ifsc\":\"DLXB0000250\",\"micr\":\"400048021\",\"branch\":\"VIRAR\",\"address\":\"GROUND FLOOR VIVA GOKUL ARCADE\",\"contact\":\"6450245\",\"city\":\"MUMBAI\",\"district\":\"MUMBAI\",\"state\":\"MAHARASHTRA\"},{\"name\":\"DHANALAKSHMI BANK\",\"ifsc\":\"DLXB0000251\",\"micr\":\"600048010\",\"branch\":\"AMRUTHA INSTITUTE OF COMPUTER TECH, SALIGRAMAM\",\"address\":\"CHENNAI\",\"contact\":\"64509226\",\"city\":\"CHENNAI\",\"district\":\"CHENNAI\",\"state\":\"TAMIL NADU\"},{\"name\":\"DHANALAKSHMI BANK\",\"ifsc\":\"DLXB0000252\",\"micr\":\"600048012\",\"branch\":\"S.N.SCHOOL & COLLEGE, WEST MAMBALAM\",\"address\":\"CHENNAI\",\"contact\":\"65450573\",\"city\":\"CHENNAI\",\"district\":\"CHENNAI\",\"state\":\"TAMIL NADU\"},{\"name\":\"DHANALAKSHMI BANK\",\"ifsc\":\"DLXB0000253\",\"micr\":\"641048006\",\"branch\":\"AMRITA INSTITUTE OF TECHNOLOGY ETTIMADAI\",\"address\":\"COIMBATORE\",\"contact\":\"2652335\",\"city\":\"COIMBATORE\",\"district\":\"COIMBATORE\",\"state\":\"TAMIL NADU\"},{\"name\":\"DHANALAKSHMI BANK\",\"ifsc\":\"DLXB0000254\",\"micr\":\"600048013\",\"branch\":\"MGR ADARSH METRICULATION HIGH SCHOOL, MOGAPPAIR\",\"address\":\"CHENNAI\",\"contact\":\"65450574\",\"city\":\"CHENNAI\",\"district\":\"CHENNAI\",\"state\":\"TAMIL NADU\"},{\"name\":\"DHANALAKSHMI BANK\",\"ifsc\":\"DLXB0000255\",\"micr\":\"629048003\",\"branch\":\"S.T.HINDU COLLEGE, NAGERCOIL\",\"address\":\"NAGERCOIL\",\"contact\":\"2223475\",\"city\":\"NAGERCOIL\",\"district\":\"KANYAKUMARI\",\"state\":\"TAMIL NADU\"},{\"name\":\"DHANALAKSHMI BANK\",\"ifsc\":\"DLXB0000256\",\"micr\":\"600048011\",\"branch\":\"AMRUTHANJAN LIMITED, MYLAPORE\",\"address\":\"CHENNAI\",\"contact\":\"64508185\",\"city\":\"CHENNAI\",\"district\":\"CHENNAI\",\"state\":\"TAMIL NADU\"},{\"name\":\"DHANALAKSHMI BANK\",\"ifsc\":\"DLXB0000257\",\"micr\":\"520048302\",\"branch\":\"NRI MEDICAL COLLEGE CHINNA KAKKANI\",\"address\":\"VIJAYAWADA\",\"contact\":\"9247060807\",\"city\":\"VIJAYAWADA\",\"district\":\"VIJAYAWADA\",\"state\":\"ANDHRA PRADESH\"},{\"name\":\"DHANALAKSHMI BANK\",\"ifsc\":\"DLXB0000258\",\"micr\":\"560048009\",\"branch\":\"AMRITA INSTITUTE OF TECHNOLOGY KORAMANGALA\",\"address\":\"BANGALORE\",\"contact\":\"64540470\",\"city\":\"BANGALORE\",\"district\":\"BANGALORE\",\"state\":\"KARNATAKA\"},{\"name\":\"DHANALAKSHMI BANK\",\"ifsc\":\"DLXB0000259\",\"micr\":\"680048053\",\"branch\":\"GURUVAYOOR DEVASWOM GURUVAYOOR\",\"address\":\"GURUVAYOOR\",\"contact\":\"6453980\",\"city\":\"GURUVAYOOR\",\"district\":\"THRISSUR\",\"state\":\"KERALA\"},{\"name\":\"DHANALAKSHMI BANK\",\"ifsc\":\"DLXB0000260\",\"micr\":\"690048801\",\"branch\":\"M.A.MATH, VALLIKAVU\",\"address\":\"KOLLAM\",\"contact\":\"9287276643\",\"city\":\"KOLLAM\",\"district\":\"KOLLAM\",\"state\":\"KERALA\"},{\"name\":\"DHANALAKSHMI BANK\",\"ifsc\":\"DLXB0000261\",\"micr\":\"673048004\",\"branch\":\"MALABAR INSTITUTE OF MEDICAL SCIENCE, KOZHIKODE\",\"address\":\"KOZHIKODE\",\"contact\":\"6453515\",\"city\":\"KOZHIKODE\",\"district\":\"KOZHIKODE\",\"state\":\"KERALA\"},{\"name\":\"DHANALAKSHMI BANK\",\"ifsc\":\"DLXB0000262\",\"micr\":\"680048021\",\"branch\":\"MEDICAL COLLEGE, MULAKUNNATHUKAVU\",\"address\":\"THRISSUR\",\"contact\":\"2206179\",\"city\":\"THRISSUR\",\"district\":\"THRISSUR\",\"state\":\"KERALA\"},{\"name\":\"DHANALAKSHMI BANK\",\"ifsc\":\"DLXB0000263\",\"micr\":\"695048253\",\"branch\":\"MUNCIPALITY, MUNCIPAL BUILDING, VARKALA\",\"address\":\"TRIVANDRAM\",\"contact\":\"9287276647\",\"city\":\"TRIVANDRAM\",\"district\":\"TRIVANDRAM\",\"state\":\"KERALA\"},{\"name\":\"DHANALAKSHMI BANK\",\"ifsc\":\"DLXB0000264\",\"micr\":\"691048103\",\"branch\":\"NSS TALUK UNION,KOTTARAKARA\",\"address\":\"KOTTARAKARA\",\"contact\":\"9287276646\",\"city\":\"KOTTARAKARA\",\"district\":\"KOTTARAKARA\",\"state\":\"KERALA\"},{\"name\":\"DHANALAKSHMI BANK\",\"ifsc\":\"DLXB0000265\",\"micr\":\"688048054\",\"branch\":\"S.N.COLLEGE, CHERTHALA\",\"address\":\"CHERTHALA\",\"contact\":\"6450278\",\"city\":\"CHERTHALA\",\"district\":\"CHERTHALA\",\"state\":\"KERALA\"},{\"name\":\"DHANALAKSHMI BANK\",\"ifsc\":\"DLXB0000266\",\"micr\":\"690048153\",\"branch\":\"T.D.B OFFICE, MAVELIKKARA\",\"address\":\"MAVELIKKARA\",\"contact\":\"6540458\",\"city\":\"MAVELIKKARA\",\"district\":\"MAVELIKKARA\",\"state\":\"KERALA\"},{\"name\":\"DHANALAKSHMI BANK\",\"ifsc\":\"DLXB0000267\",\"micr\":\"686048352\",\"branch\":\"T.D.B OFFICE. ETTUMANOOR\",\"address\":\"ETTUMANOOR\",\"contact\":\"6452392\",\"city\":\"ETTUMANOOR\",\"district\":\"ETTUMANOOR\",\"state\":\"KERALA\"},{\"name\":\"DHANALAKSHMI BANK\",\"ifsc\":\"DLXB0000268\",\"micr\":\"682048017\",\"branch\":\"VIDYADHIRAJA VIDYA BHAVAN, CHEERAKADA\",\"address\":\"ALUVA\",\"contact\":\"6453593\",\"city\":\"ALUVA\",\"district\":\"ALUVA\",\"state\":\"KERALA\"},{\"name\":\"DHANALAKSHMI BANK\",\"ifsc\":\"DLXB0000269\",\"micr\":\"695048012\",\"branch\":\"ATTUKKAL TEMPLE\",\"address\":\"TRIVANDRAM\",\"contact\":\"6451280\",\"city\":\"TRIVANDRAM\",\"district\":\"TRIVANDRAM\",\"state\":\"KERALA\"},{\"name\":\"DHANALAKSHMI BANK\",\"ifsc\":\"DLXB0000270\",\"micr\":\"695048011\",\"branch\":\"BAR COUNCIL, VANCHIYOOR\",\"address\":\"VANCHIYOOR\",\"contact\":\"6451287\",\"city\":\"VANCHIYOOR\",\"district\":\"VANCHIYOOR\",\"state\":\"KERALA\"},{\"name\":\"DHANALAKSHMI BANK\",\"ifsc\":\"DLXB0000271\",\"micr\":\"691048003\",\"branch\":\"DR.NAIRS HOSPITAL, KOLLAM\",\"address\":\"KOLLAM\",\"contact\":\"6451307\",\"city\":\"KOLLAM\",\"district\":\"KOLLAM\",\"state\":\"KERALA\"},{\"name\":\"DHANALAKSHMI BANK\",\"ifsc\":\"DLXB0000272\",\"micr\":\"682048018\",\"branch\":\"G.C.D.A, ERNAKULAM\",\"address\":\"ERNAKULAM\",\"contact\":\"6453579\",\"city\":\"ERNAKULAM\",\"district\":\"ERNAKULAM\",\"state\":\"KERALA\"},{\"name\":\"DHANALAKSHMI BANK\",\"ifsc\":\"DLXB0000273\",\"micr\":\"688048003\",\"branch\":\"S.D.COLLEGE, ALAPPUZHA\",\"address\":\"ERNAKULAM\",\"contact\":\"2268537\",\"city\":\"ERNAKULAM\",\"district\":\"ERNAKULAM\",\"state\":\"KERALA\"},{\"name\":\"DHANALAKSHMI BANK\",\"ifsc\":\"DLXB0000274\",\"micr\":\"691048004\",\"branch\":\"SHANKERS HOSPITAL, KOLLAM\",\"address\":\"KOLLAM\",\"contact\":\"6451308\",\"city\":\"KOLLAM\",\"district\":\"KOLLAM\",\"state\":\"KERALA\"},{\"name\":\"DHANALAKSHMI BANK\",\"ifsc\":\"DLXB0000275\",\"micr\":\"695048010\",\"branch\":\"T.D.B OFFICE.NANTHANCODE\",\"address\":\"NANTHANCODE\",\"contact\":\"6451276\",\"city\":\"NANTHANCODE\",\"district\":\"NANTHANCODE\",\"state\":\"KERALA\"},{\"name\":\"DHANALAKSHMI BANK\",\"ifsc\":\"DLXB0000276\",\"micr\":\"682048019\",\"branch\":\"WELCARE HOSPITAL, VYTTILA\",\"address\":\"ERNAKULAM\",\"contact\":\"6453585\",\"city\":\"ERNAKULAM\",\"district\":\"ERNAKULAM\",\"state\":\"KERALA\"},{\"name\":\"DHANALAKSHMI BANK\",\"ifsc\":\"DLXB0000277\",\"micr\":\"NA\",\"branch\":\"CPC THRISSUR\",\"address\":\"MG ROAD THRISSUR\",\"contact\":\"6454246\",\"city\":\"THRISSUR\",\"district\":\"THRISSUR\",\"state\":\"KERALA\"},{\"name\":\"DHANALAKSHMI BANK\",\"ifsc\":\"DLXB0000278\",\"micr\":\"342048002\",\"branch\":\"JODHPUR\",\"address\":\"PLOT NO. 76,GROUND FLOOR,LK TOWER, CHOPASANI ROAD,JODHPUR -342002\",\"contact\":\"2610140\",\"city\":\"JODHPUR\",\"district\":\"JODHPUR\",\"state\":\"RAJASTHAN\"},{\"name\":\"DHANALAKSHMI BANK\",\"ifsc\":\"DLXB0000279\",\"micr\":\"243048002\",\"branch\":\"BAREILLY\",\"address\":\"G.F,1160,JANAKPURI,OPP PRABHAT NAGAR GATE,BAREILLY - 243122\",\"contact\":\"6450119\",\"city\":\"BAREILLY\",\"district\":\"BAREILLY\",\"state\":\"UTTAR PRADESH\"},{\"name\":\"DHANALAKSHMI BANK\",\"ifsc\":\"DLXB0000905\",\"micr\":\"NA\",\"branch\":\"RPC KOLKATA\",\"address\":\"ANANDLOK BUILDING,1ST FLOOR,B BLOCK,227,AJC BOSE ROAD,KOLKATA 700020\",\"contact\":\"0\",\"city\":\"KOLKATA\",\"district\":\"KOLKATA\",\"state\":\"WEST BENGAL\"},{\"name\":\"DHANALAKSHMI BANK\",\"ifsc\":\"DLXB0000993\",\"micr\":\"NA\",\"branch\":\"RPC COIMBATORE\",\"address\":\"286,STANDARD TOWERS, AVINASHI ROAD,PEELAMEDU,COIMBATORE 641004\",\"contact\":\"0\",\"city\":\"COIMBATORE\",\"district\":\"COIMBATORE\",\"state\":\"TAMIL NADU\"},{\"name\":\"DHANALAKSHMI BANK\",\"ifsc\":\"DLXB0000994\",\"micr\":\"NA\",\"branch\":\"RPC PALAKKAD\",\"address\":\"1 FLOOR,KRISHNA ARCADE,CHANDRANAGAR,PALAKKAD 678007\",\"contact\":\"0\",\"city\":\"PALAKKAD\",\"district\":\"PALAKKAD\",\"state\":\"KERALA\"},{\"name\":\"DHANALAKSHMI BANK\",\"ifsc\":\"DLXB0000996\",\"micr\":\"NA\",\"branch\":\"RTGS CELL\",\"address\":\"RTGS CELL\",\"contact\":\"0\",\"city\":\"THRISSUR\",\"district\":\"THRISSUR\",\"state\":\"KERALA\"},{\"name\":\"DHANALAKSHMI BANK\",\"ifsc\":\"DLXB0000998\",\"micr\":\"NA\",\"branch\":\"CORPORATE OFFICE\",\"address\":\"THRISSUR\",\"contact\":\"6617000\",\"city\":\"THRISSUR\",\"district\":\"THRISSUR\",\"state\":\"KERALA\"},{\"name\":\"DHANALAKSHMI BANK\",\"ifsc\":\"DLXB0000999\",\"micr\":\"NA\",\"branch\":\"DCS\",\"address\":\"THRISSUR\",\"contact\":\"0\",\"city\":\"THRISSUR\",\"district\":\"THRISSUR\",\"state\":\"KERALA\"}]"
